id,train_number,train_name,train_type,source_station,destination_station,departure_time,arrival_time,journey_duration_minutes,operating_days,is_active,created_at,updated_at
1,10001,Jodhpur Lucknow Duronto,DURONTO,Jodhpur,Lucknow,01:00:00,22:10:00,1270,"MON,TUE,WED,THU,FRI",1,2025-05-07T07:52:41.563Z,2025-05-07T07:52:41.563Z
2,10002,Visakhapatnam Kochi Intercity,RAJDHANI,Visakhapatnam,Ernakulam,08:00:00,16:05:00,485,"MON,TUE,WED,THU,FRI,SAT,SUN",1,2024-08-26T07:52:41.563Z,2024-08-26T07:52:41.563Z
3,10003,Delhi Gwalior Vande Bharat,DURONTO,New Delhi,Gwalior,23:50:00,20:00:00,1210,"MON,TUE,WED,THU,FRI",1,2025-02-22T07:52:41.563Z,2025-02-22T07:52:41.563Z
4,10004,Gwalior Amritsar Rajdhani,RAJDHANI,Gwalior,Amritsar,23:45:00,21:30:00,1305,"MON,TUE,WED,THU,FRI",1,2024-11-03T07:52:41.563Z,2024-11-03T07:52:41.563Z
5,10005,Katra Nagpur Rajdhani,SUPERFAST,Shri Mata Vaishno Devi,Nagpur,16:55:00,16:15:00,1400,"MON,WED,FRI",1,2025-04-19T07:52:41.563Z,2025-04-19T07:52:41.563Z
6,10006,Kochi Ahmedabad Duronto,SHATABDI,Ernakulam,Ahmedabad,16:35:00,04:55:00,740,"MON,TUE,WED,THU,FRI",1,2025-12-20T07:52:41.563Z,2025-12-20T07:52:41.563Z
7,10007,Lucknow Visakhapatnam Shatabdi,RAJDHANI,Lucknow,Visakhapatnam,06:20:00,10:35:00,255,"TUE,THU,SAT",1,2024-08-29T07:52:41.563Z,2024-08-29T07:52:41.563Z
8,10008,Trivandrum Katra Intercity,VANDE_BHARAT,Trivandrum Central,Shri Mata Vaishno Devi,18:35:00,23:55:00,320,"MON,TUE,WED,THU,FRI",1,2024-04-27T07:52:41.563Z,2024-04-27T07:52:41.563Z
9,10009,Nagpur Katra Shatabdi,VANDE_BHARAT,Nagpur,Shri Mata Vaishno Devi,15:55:00,03:55:00,720,"TUE,THU,SAT",1,2025-06-22T07:52:41.563Z,2025-06-22T07:52:41.563Z
10,10010,Bhopal Udaipur Intercity,DURONTO,Bhopal Junction,Udaipur City,09:45:00,22:45:00,780,"MON,WED,FRI",1,2024-03-25T07:52:41.564Z,2024-03-25T07:52:41.564Z
11,10011,Mumbai Pune Superfast,SHATABDI,Mumbai Central,Pune Junction,15:35:00,19:40:00,245,"MON,TUE,WED,THU,FRI,SAT,SUN",1,2024-03-16T07:52:41.564Z,2024-03-16T07:52:41.564Z
12,10012,Bangalore Lucknow Superfast,SHATABDI,Bangalore City,Lucknow,03:10:00,04:50:00,1540,"MON,TUE,WED,THU,FRI",1,2025-02-06T07:52:41.564Z,2025-02-06T07:52:41.564Z
13,10013,Bhopal Kochi Express,DURONTO,Bhopal Junction,Ernakulam,09:20:00,13:05:00,1665,"MON,TUE,WED,THU,FRI",1,2025-12-15T07:52:41.564Z,2025-12-15T07:52:41.564Z
14,10014,Ahmedabad Visakhapatnam Intercity,SUPERFAST,Ahmedabad,Visakhapatnam,11:20:00,19:50:00,510,"TUE,THU,SAT",1,2025-05-21T07:52:41.564Z,2025-05-21T07:52:41.564Z
15,10015,Amritsar Kochi Rajdhani,DURONTO,Amritsar,Ernakulam,17:30:00,16:10:00,1360,"MON,TUE,WED,THU,FRI,SAT,SUN",1,2025-12-26T07:52:41.564Z,2025-12-26T07:52:41.564Z
16,10016,Katra Bangalore SF Express,MAIL,Shri Mata Vaishno Devi,Bangalore City,21:30:00,10:40:00,790,"SUN,TUE,THU",1,2025-01-10T07:52:41.564Z,2025-01-10T07:52:41.564Z
17,10017,Trivandrum Mumbai Vande Bharat,RAJDHANI,Trivandrum Central,Mumbai CST,11:35:00,20:30:00,535,"TUE,THU,SAT",1,2024-05-09T07:52:41.564Z,2024-05-09T07:52:41.564Z
18,10018,Hyderabad Visakhapatnam Shatabdi,SHATABDI,Hyderabad Deccan,Visakhapatnam,23:00:00,21:55:00,1375,"MON,TUE,WED,THU,FRI,SAT,SUN",1,2025-09-11T07:52:41.564Z,2025-09-11T07:52:41.564Z
19,10019,Patna Agra Shatabdi,EXPRESS,Patna Junction,Agra Cantt,04:05:00,22:30:00,1105,"MON,WED,FRI",1,2024-09-25T07:52:41.564Z,2024-09-25T07:52:41.564Z
20,10020,Trivandrum Agra SF Express,DURONTO,Trivandrum Central,Agra Cantt,07:45:00,11:35:00,1670,"MON,TUE,WED,THU,FRI,SAT,SUN",1,2025-02-08T07:52:41.564Z,2025-02-08T07:52:41.564Z
21,10021,Jodhpur Kochi Superfast,DURONTO,Jodhpur,Ernakulam,09:50:00,19:10:00,2000,"TUE,THU,SAT",1,2024-01-11T07:52:41.564Z,2024-01-11T07:52:41.564Z
22,10022,Nagpur Patna Rajdhani,DURONTO,Nagpur,Patna Junction,00:45:00,05:25:00,1720,"TUE,THU,SAT",1,2024-07-04T07:52:41.564Z,2024-07-04T07:52:41.564Z
23,10023,Gwalior Agra Superfast,DURONTO,Gwalior,Agra Cantt,07:40:00,01:30:00,1070,"SUN,TUE,THU",1,2024-11-01T07:52:41.564Z,2024-11-01T07:52:41.564Z
24,10024,Delhi Mumbai Duronto,VANDE_BHARAT,New Delhi,Mumbai Central,18:50:00,04:45:00,595,"TUE,THU,SAT",1,2025-05-19T07:52:41.564Z,2025-05-19T07:52:41.564Z
25,10025,Mumbai Lucknow Intercity,MAIL,Mumbai CST,Lucknow,10:05:00,18:25:00,1940,"MON,WED,FRI",1,2024-10-20T07:52:41.564Z,2024-10-20T07:52:41.564Z
26,10026,Ahmedabad Hyderabad Express,SUPERFAST,Ahmedabad,Hyderabad Deccan,19:55:00,21:10:00,1515,"TUE,THU,SAT",1,2024-08-07T07:52:41.564Z,2024-08-07T07:52:41.564Z
27,10027,Visakhapatnam Kochi SF Express,VANDE_BHARAT,Visakhapatnam,Ernakulam,20:15:00,20:35:00,1460,"MON,TUE,WED,THU,FRI",1,2025-06-08T07:52:41.564Z,2025-06-08T07:52:41.564Z
28,10028,Agra Vadodara Mail,MAIL,Agra Cantt,Vadodara,00:20:00,20:00:00,1180,"MON,TUE,WED,THU,FRI,SAT,SUN",0,2025-01-24T07:52:41.564Z,2025-01-24T07:52:41.564Z
29,10029,Udaipur Kochi Vande Bharat,MAIL,Udaipur City,Ernakulam,12:20:00,01:50:00,810,"TUE,THU,SAT",1,2024-05-23T07:52:41.564Z,2024-05-23T07:52:41.564Z
30,10030,Nagpur Udaipur Shatabdi,SUPERFAST,Nagpur,Udaipur City,09:50:00,17:35:00,1905,"TUE,THU,SAT",1,2024-01-19T07:52:41.564Z,2024-01-19T07:52:41.564Z
31,10031,Visakhapatnam Udaipur Vande Bharat,VANDE_BHARAT,Visakhapatnam,Udaipur City,22:35:00,20:35:00,1320,"MON,WED,FRI",1,2024-08-14T07:52:41.564Z,2024-08-14T07:52:41.564Z
32,10032,Agra Mumbai Duronto,MAIL,Agra Cantt,Mumbai CST,01:10:00,11:15:00,605,"TUE,THU,SAT",1,2025-09-27T07:52:41.564Z,2025-09-27T07:52:41.564Z
33,10033,Kochi Bhopal Rajdhani,MAIL,Ernakulam,Bhopal Junction,16:40:00,03:50:00,670,"MON,TUE,WED,THU,FRI",1,2025-07-17T07:52:41.564Z,2025-07-17T07:52:41.564Z
34,10034,Gwalior Patna Duronto,SHATABDI,Gwalior,Patna Junction,06:10:00,13:05:00,415,"TUE,THU,SAT",1,2025-01-17T07:52:41.564Z,2025-01-17T07:52:41.564Z
35,10035,Mumbai Pune Superfast,SHATABDI,Mumbai Central,Pune Junction,13:45:00,02:45:00,780,"MON,TUE,WED,THU,FRI,SAT,SUN",1,2025-01-16T07:52:41.564Z,2025-01-16T07:52:41.564Z
36,10036,Amritsar Pune Superfast,EXPRESS,Amritsar,Pune Junction,21:30:00,01:10:00,1660,"MON,WED,FRI",1,2025-04-05T07:52:41.564Z,2025-04-05T07:52:41.564Z
37,10037,Hyderabad Patna Rajdhani,RAJDHANI,Hyderabad Deccan,Patna Junction,02:50:00,15:30:00,760,"SUN,TUE,THU",1,2024-01-12T07:52:41.564Z,2024-01-12T07:52:41.564Z
38,10038,Trivandrum Ahmedabad Duronto,MAIL,Trivandrum Central,Ahmedabad,23:50:00,06:05:00,375,"SUN,TUE,THU",1,2025-12-27T07:52:41.564Z,2025-12-27T07:52:41.564Z
39,10039,Hyderabad Jodhpur Express,MAIL,Hyderabad Deccan,Jodhpur,17:55:00,00:30:00,1835,"MON,TUE,WED,THU,FRI,SAT,SUN",1,2024-03-20T07:52:41.564Z,2024-03-20T07:52:41.564Z
40,10040,Gwalior Trivandrum SF Express,DURONTO,Gwalior,Trivandrum Central,15:25:00,10:50:00,1165,"MON,WED,FRI",1,2024-10-15T07:52:41.564Z,2024-10-15T07:52:41.564Z
41,10041,Mumbai Pune Vande Bharat,MAIL,Mumbai Central,Pune Junction,00:50:00,09:55:00,1985,"MON,TUE,WED,THU,FRI,SAT,SUN",0,2025-08-20T07:52:41.564Z,2025-08-20T07:52:41.564Z
42,10042,Agra Udaipur Duronto,EXPRESS,Agra Cantt,Udaipur City,08:20:00,13:05:00,1725,"SUN,TUE,THU",1,2025-09-24T07:52:41.564Z,2025-09-24T07:52:41.564Z
43,10043,Jaipur Indore Mail,EXPRESS,Jaipur,Indore,07:20:00,02:00:00,1120,"TUE,THU,SAT",1,2025-02-26T07:52:41.564Z,2025-02-26T07:52:41.564Z
44,10044,Chennai Jodhpur Mail,MAIL,Chennai Central,Jodhpur,03:25:00,00:00:00,1235,"MON,WED,FRI",0,2024-02-28T07:52:41.564Z,2024-02-28T07:52:41.564Z
45,10045,Hyderabad Vadodara Vande Bharat,DURONTO,Hyderabad Deccan,Vadodara,00:50:00,15:15:00,865,"SUN,TUE,THU",1,2024-10-24T07:52:41.564Z,2024-10-24T07:52:41.564Z
46,10046,Bangalore Agra Duronto,RAJDHANI,Bangalore City,Agra Cantt,18:50:00,07:40:00,770,"SUN,TUE,THU",1,2025-03-17T07:52:41.564Z,2025-03-17T07:52:41.564Z
47,10047,Pune Mumbai Shatabdi,RAJDHANI,Pune Junction,Mumbai Central,22:40:00,12:05:00,805,"MON,TUE,WED,THU,FRI",1,2024-04-23T07:52:41.564Z,2024-04-23T07:52:41.564Z
48,10048,Visakhapatnam Chennai Express,MAIL,Visakhapatnam,Chennai Central,00:15:00,18:40:00,1105,"MON,TUE,WED,THU,FRI,SAT,SUN",1,2024-06-28T07:52:41.564Z,2024-06-28T07:52:41.564Z
49,10049,Nagpur Jaipur Duronto,SHATABDI,Nagpur,Jaipur,20:10:00,04:30:00,500,"MON,WED,FRI",1,2024-02-04T07:52:41.564Z,2024-02-04T07:52:41.564Z
50,10050,Bhopal Jaipur Vande Bharat,EXPRESS,Bhopal Junction,Jaipur,01:25:00,03:55:00,1590,"MON,WED,FRI",1,2024-09-04T07:52:41.564Z,2024-09-04T07:52:41.564Z
51,10051,Trivandrum Vadodara Rajdhani,SHATABDI,Trivandrum Central,Vadodara,23:50:00,07:35:00,1905,"MON,TUE,WED,THU,FRI",1,2024-01-13T07:52:41.564Z,2024-01-13T07:52:41.564Z
52,10052,Trivandrum Nagpur Rajdhani,VANDE_BHARAT,Trivandrum Central,Nagpur,14:45:00,09:20:00,1115,"MON,TUE,WED,THU,FRI,SAT,SUN",1,2024-11-02T07:52:41.564Z,2024-11-02T07:52:41.564Z
53,10053,Agra Gwalior Shatabdi,EXPRESS,Agra Cantt,Gwalior,20:15:00,11:30:00,915,"SUN,TUE,THU",1,2024-04-07T07:52:41.564Z,2024-04-07T07:52:41.564Z
54,10054,Ahmedabad Udaipur Express,RAJDHANI,Ahmedabad,Udaipur City,01:00:00,10:15:00,555,"MON,WED,FRI",1,2024-08-01T07:52:41.564Z,2024-08-01T07:52:41.564Z
55,10055,Bangalore Nagpur Shatabdi,MAIL,Bangalore City,Nagpur,12:30:00,03:45:00,915,"MON,TUE,WED,THU,FRI,SAT,SUN",1,2025-12-10T07:52:41.564Z,2025-12-10T07:52:41.564Z
56,10056,Hyderabad Ahmedabad Intercity,DURONTO,Hyderabad Deccan,Ahmedabad,04:00:00,13:55:00,2035,"TUE,THU,SAT",1,2024-01-19T07:52:41.564Z,2024-01-19T07:52:41.564Z
57,10057,Bhopal Mumbai Vande Bharat,VANDE_BHARAT,Bhopal Junction,Mumbai Central,08:25:00,20:35:00,730,"TUE,THU,SAT",1,2025-05-16T07:52:41.564Z,2025-05-16T07:52:41.564Z
58,10058,Gwalior Indore Intercity,EXPRESS,Gwalior,Indore,03:35:00,05:55:00,1580,"SUN,TUE,THU",1,2025-05-27T07:52:41.564Z,2025-05-27T07:52:41.564Z
59,10059,Indore Agra Superfast,EXPRESS,Indore,Agra Cantt,10:45:00,05:45:00,1140,"MON,TUE,WED,THU,FRI,SAT,SUN",1,2025-12-21T07:52:41.564Z,2025-12-21T07:52:41.564Z
60,10060,Jodhpur Indore Shatabdi,RAJDHANI,Jodhpur,Indore,01:50:00,18:15:00,985,"TUE,THU,SAT",1,2024-02-05T07:52:41.564Z,2024-02-05T07:52:41.564Z
61,10061,Patna Kolkata Rajdhani,DURONTO,Patna Junction,Howrah,05:20:00,21:05:00,945,"TUE,THU,SAT",1,2024-06-03T07:52:41.564Z,2024-06-03T07:52:41.564Z
62,10062,Vadodara Nagpur Rajdhani,DURONTO,Vadodara,Nagpur,04:15:00,12:50:00,1955,"MON,TUE,WED,THU,FRI,SAT,SUN",1,2025-04-04T07:52:41.564Z,2025-04-04T07:52:41.564Z
63,10063,Bhopal Pune Duronto,EXPRESS,Bhopal Junction,Pune Junction,01:50:00,11:55:00,605,"MON,TUE,WED,THU,FRI",1,2024-08-11T07:52:41.564Z,2024-08-11T07:52:41.564Z
64,10064,Jaipur Kochi Vande Bharat,SHATABDI,Jaipur,Ernakulam,16:45:00,14:15:00,1290,"TUE,THU,SAT",1,2025-08-11T07:52:41.564Z,2025-08-11T07:52:41.564Z
65,10065,Hyderabad Bhopal Shatabdi,SUPERFAST,Hyderabad Deccan,Bhopal Junction,20:05:00,04:45:00,1960,"MON,TUE,WED,THU,FRI,SAT,SUN",1,2025-01-11T07:52:41.565Z,2025-01-11T07:52:41.565Z
66,10066,Vadodara Pune Express,MAIL,Vadodara,Pune Junction,14:25:00,20:35:00,1810,"MON,TUE,WED,THU,FRI",1,2025-05-27T07:52:41.565Z,2025-05-27T07:52:41.565Z
67,10067,Kolkata Ahmedabad SF Express,DURONTO,Howrah,Ahmedabad,04:25:00,08:20:00,1675,"MON,TUE,WED,THU,FRI,SAT,SUN",1,2024-07-11T07:52:41.565Z,2024-07-11T07:52:41.565Z
68,10068,Delhi Visakhapatnam SF Express,SHATABDI,New Delhi,Visakhapatnam,18:45:00,12:40:00,1075,"MON,WED,FRI",1,2025-07-18T07:52:41.565Z,2025-07-18T07:52:41.565Z
69,10069,Indore Agra Intercity,RAJDHANI,Indore,Agra Cantt,16:15:00,06:45:00,870,"MON,WED,FRI",1,2025-07-05T07:52:41.565Z,2025-07-05T07:52:41.565Z
70,10070,Kochi Delhi Rajdhani,EXPRESS,Ernakulam,New Delhi,21:45:00,02:05:00,1700,"TUE,THU,SAT",1,2024-09-14T07:52:41.565Z,2024-09-14T07:52:41.565Z
71,10071,Indore Chennai Express,SUPERFAST,Indore,Chennai Central,08:00:00,06:20:00,1340,"MON,TUE,WED,THU,FRI,SAT,SUN",1,2024-09-01T07:52:41.565Z,2024-09-01T07:52:41.565Z
72,10072,Kochi Vadodara Shatabdi,DURONTO,Ernakulam,Vadodara,06:45:00,00:40:00,1075,"MON,TUE,WED,THU,FRI",1,2024-01-19T07:52:41.565Z,2024-01-19T07:52:41.565Z
73,10073,Indore Mumbai Vande Bharat,VANDE_BHARAT,Indore,Mumbai Central,21:30:00,01:35:00,245,"MON,WED,FRI",1,2024-04-11T07:52:41.565Z,2024-04-11T07:52:41.565Z
74,10074,Udaipur Chennai Duronto,SUPERFAST,Udaipur City,Chennai Central,21:05:00,16:05:00,1140,"TUE,THU,SAT",1,2024-01-14T07:52:41.565Z,2024-01-14T07:52:41.565Z
75,10075,Mumbai Udaipur SF Express,SHATABDI,Mumbai Central,Udaipur City,11:35:00,02:25:00,890,"MON,WED,FRI",1,2024-02-06T07:52:41.565Z,2024-02-06T07:52:41.565Z
76,10076,Trivandrum Patna Shatabdi,SUPERFAST,Trivandrum Central,Patna Junction,03:50:00,11:45:00,475,"MON,TUE,WED,THU,FRI,SAT,SUN",1,2024-05-19T07:52:41.565Z,2024-05-19T07:52:41.565Z
77,10077,Jodhpur Kochi Shatabdi,SHATABDI,Jodhpur,Ernakulam,15:05:00,17:05:00,1560,"MON,TUE,WED,THU,FRI",1,2024-09-26T07:52:41.565Z,2024-09-26T07:52:41.565Z
78,10078,Kochi Gwalior Superfast,MAIL,Ernakulam,Gwalior,19:05:00,00:25:00,1760,"MON,TUE,WED,THU,FRI,SAT,SUN",1,2025-05-08T07:52:41.565Z,2025-05-08T07:52:41.565Z
79,10079,Indore Ahmedabad Intercity,RAJDHANI,Indore,Ahmedabad,03:00:00,22:25:00,1165,"SUN,TUE,THU",1,2025-11-22T07:52:41.565Z,2025-11-22T07:52:41.565Z
80,10080,Lucknow Hyderabad Vande Bharat,SUPERFAST,Lucknow,Hyderabad Deccan,13:00:00,22:45:00,2025,"TUE,THU,SAT",1,2025-05-15T07:52:41.565Z,2025-05-15T07:52:41.565Z
81,10081,Lucknow Mumbai SF Express,RAJDHANI,Lucknow,Mumbai Central,18:20:00,03:20:00,540,"MON,TUE,WED,THU,FRI,SAT,SUN",1,2025-12-08T07:52:41.565Z,2025-12-08T07:52:41.565Z
82,10082,Chennai Patna Express,SUPERFAST,Chennai Central,Patna Junction,07:15:00,19:35:00,740,"TUE,THU,SAT",1,2024-02-03T07:52:41.565Z,2024-02-03T07:52:41.565Z
83,10083,Hyderabad Katra Rajdhani,EXPRESS,Hyderabad Deccan,Shri Mata Vaishno Devi,10:25:00,19:25:00,1980,"TUE,THU,SAT",1,2025-05-15T07:52:41.565Z,2025-05-15T07:52:41.565Z
84,10084,Kolkata Indore Vande Bharat,SHATABDI,Howrah,Indore,01:15:00,06:40:00,325,"SUN,TUE,THU",1,2024-08-17T07:52:41.565Z,2024-08-17T07:52:41.565Z
85,10085,Gwalior Kochi Rajdhani,DURONTO,Gwalior,Ernakulam,15:40:00,22:30:00,410,"SUN,TUE,THU",0,2024-02-17T07:52:41.565Z,2024-02-17T07:52:41.565Z
86,10086,Nagpur Indore SF Express,DURONTO,Nagpur,Indore,07:00:00,16:35:00,2015,"SUN,TUE,THU",1,2024-12-27T07:52:41.565Z,2024-12-27T07:52:41.565Z
87,10087,Bangalore Visakhapatnam Superfast,MAIL,Bangalore City,Visakhapatnam,13:25:00,21:20:00,1915,"MON,WED,FRI",1,2025-04-06T07:52:41.565Z,2025-04-06T07:52:41.565Z
88,10088,Ahmedabad Udaipur Duronto,DURONTO,Ahmedabad,Udaipur City,06:45:00,14:40:00,475,"TUE,THU,SAT",1,2024-04-21T07:52:41.565Z,2024-04-21T07:52:41.565Z
89,10089,Patna Katra Vande Bharat,SHATABDI,Patna Junction,Shri Mata Vaishno Devi,10:40:00,06:20:00,1180,"MON,WED,FRI",1,2024-05-22T07:52:41.565Z,2024-05-22T07:52:41.565Z
90,10090,Lucknow Agra SF Express,MAIL,Lucknow,Agra Cantt,17:15:00,09:10:00,955,"TUE,THU,SAT",1,2024-05-27T07:52:41.565Z,2024-05-27T07:52:41.565Z
91,10091,Jodhpur Indore Express,VANDE_BHARAT,Jodhpur,Indore,01:10:00,15:30:00,860,"SUN,TUE,THU",1,2025-07-17T07:52:41.565Z,2025-07-17T07:52:41.565Z
92,10092,Jaipur Nagpur Vande Bharat,VANDE_BHARAT,Jaipur,Nagpur,21:05:00,03:15:00,1810,"MON,WED,FRI",1,2024-10-09T07:52:41.565Z,2024-10-09T07:52:41.565Z
93,10093,Gwalior Amritsar SF Express,EXPRESS,Gwalior,Amritsar,13:15:00,01:55:00,760,"SUN,TUE,THU",1,2025-03-04T07:52:41.565Z,2025-03-04T07:52:41.565Z
94,10094,Jodhpur Gwalior Vande Bharat,VANDE_BHARAT,Jodhpur,Gwalior,12:35:00,23:20:00,645,"TUE,THU,SAT",0,2024-02-12T07:52:41.565Z,2024-02-12T07:52:41.565Z
95,10095,Bhopal Ahmedabad Vande Bharat,DURONTO,Bhopal Junction,Ahmedabad,02:30:00,01:50:00,1400,"TUE,THU,SAT",1,2024-03-22T07:52:41.565Z,2024-03-22T07:52:41.565Z
96,10096,Bhopal Katra Express,EXPRESS,Bhopal Junction,Shri Mata Vaishno Devi,14:20:00,22:40:00,1940,"TUE,THU,SAT",1,2025-10-01T07:52:41.565Z,2025-10-01T07:52:41.565Z
97,10097,Kochi Mumbai Superfast,SHATABDI,Ernakulam,Mumbai Central,17:50:00,14:50:00,1260,"MON,TUE,WED,THU,FRI",1,2025-02-06T07:52:41.565Z,2025-02-06T07:52:41.565Z
98,10098,Ahmedabad Trivandrum Intercity,VANDE_BHARAT,Ahmedabad,Trivandrum Central,02:55:00,12:50:00,595,"MON,TUE,WED,THU,FRI",1,2024-09-07T07:52:41.565Z,2024-09-07T07:52:41.565Z
99,10099,Gwalior Vadodara Mail,RAJDHANI,Gwalior,Vadodara,21:00:00,10:00:00,780,"TUE,THU,SAT",1,2025-12-20T07:52:41.565Z,2025-12-20T07:52:41.565Z
100,10100,Delhi Ahmedabad Duronto,SHATABDI,New Delhi,Ahmedabad,09:25:00,21:10:00,705,"TUE,THU,SAT",0,2024-01-13T07:52:41.565Z,2024-01-13T07:52:41.565Z
101,10101,Kochi Pune Shatabdi,SUPERFAST,Ernakulam,Pune Junction,02:00:00,20:30:00,1110,"TUE,THU,SAT",0,2024-02-23T07:52:41.565Z,2024-02-23T07:52:41.565Z
102,10102,Pune Mumbai Express,SUPERFAST,Pune Junction,Mumbai Central,10:10:00,16:00:00,1790,"SUN,TUE,THU",1,2025-04-03T07:52:41.565Z,2025-04-03T07:52:41.565Z
103,10103,Patna Hyderabad SF Express,SUPERFAST,Patna Junction,Hyderabad Deccan,16:00:00,21:45:00,1785,"MON,TUE,WED,THU,FRI",1,2025-08-17T07:52:41.565Z,2025-08-17T07:52:41.565Z
104,10104,Pune Bhopal Intercity,EXPRESS,Pune Junction,Bhopal Junction,14:05:00,13:35:00,1410,"MON,TUE,WED,THU,FRI,SAT,SUN",1,2024-06-13T07:52:41.565Z,2024-06-13T07:52:41.565Z
105,10105,Udaipur Katra Mail,EXPRESS,Udaipur City,Shri Mata Vaishno Devi,12:05:00,12:15:00,1450,"MON,TUE,WED,THU,FRI",1,2025-12-18T07:52:41.565Z,2025-12-18T07:52:41.565Z
106,10106,Trivandrum Pune Mail,SUPERFAST,Trivandrum Central,Pune Junction,00:40:00,10:35:00,2035,"TUE,THU,SAT",1,2024-09-13T07:52:41.565Z,2024-09-13T07:52:41.565Z
107,10107,Vadodara Agra Mail,VANDE_BHARAT,Vadodara,Agra Cantt,18:10:00,19:30:00,1520,"MON,TUE,WED,THU,FRI",1,2024-09-05T07:52:41.565Z,2024-09-05T07:52:41.565Z
108,10108,Jaipur Visakhapatnam Vande Bharat,MAIL,Jaipur,Visakhapatnam,22:35:00,18:10:00,1175,"MON,WED,FRI",1,2024-02-27T07:52:41.565Z,2024-02-27T07:52:41.565Z
109,10109,Hyderabad Lucknow Duronto,MAIL,Hyderabad Deccan,Lucknow,23:15:00,01:55:00,1600,"MON,WED,FRI",1,2024-01-29T07:52:41.565Z,2024-01-29T07:52:41.565Z
110,10110,Vadodara Trivandrum Intercity,SUPERFAST,Vadodara,Trivandrum Central,18:05:00,00:25:00,380,"MON,TUE,WED,THU,FRI,SAT,SUN",1,2025-10-04T07:52:41.565Z,2025-10-04T07:52:41.565Z
111,10111,Pune Lucknow Rajdhani,SHATABDI,Pune Junction,Lucknow,04:30:00,08:30:00,1680,"TUE,THU,SAT",1,2025-10-20T07:52:41.565Z,2025-10-20T07:52:41.565Z
112,10112,Hyderabad Jodhpur Mail,EXPRESS,Hyderabad Deccan,Jodhpur,18:15:00,16:25:00,1330,"MON,TUE,WED,THU,FRI,SAT,SUN",1,2025-12-18T07:52:41.565Z,2025-12-18T07:52:41.565Z
113,10113,Bhopal Patna Rajdhani,VANDE_BHARAT,Bhopal Junction,Patna Junction,11:15:00,07:40:00,1225,"MON,WED,FRI",1,2025-04-02T07:52:41.565Z,2025-04-02T07:52:41.565Z
114,10114,Kochi Jodhpur Superfast,EXPRESS,Ernakulam,Jodhpur,16:10:00,22:10:00,1800,"SUN,TUE,THU",1,2025-05-20T07:52:41.565Z,2025-05-20T07:52:41.565Z
115,10115,Hyderabad Jodhpur Mail,MAIL,Hyderabad Deccan,Jodhpur,16:55:00,06:30:00,815,"SUN,TUE,THU",1,2025-09-23T07:52:41.565Z,2025-09-23T07:52:41.565Z
116,10116,Indore Visakhapatnam Vande Bharat,RAJDHANI,Indore,Visakhapatnam,21:40:00,09:20:00,700,"TUE,THU,SAT",1,2024-08-22T07:52:41.565Z,2024-08-22T07:52:41.565Z
117,10117,Mumbai Katra Shatabdi,RAJDHANI,Mumbai Central,Shri Mata Vaishno Devi,06:20:00,20:25:00,845,"TUE,THU,SAT",1,2024-09-30T07:52:41.565Z,2024-09-30T07:52:41.565Z
118,10118,Vadodara Gwalior Shatabdi,VANDE_BHARAT,Vadodara,Gwalior,14:20:00,19:40:00,1760,"MON,WED,FRI",1,2025-09-25T07:52:41.565Z,2025-09-25T07:52:41.565Z
119,10119,Pune Visakhapatnam Shatabdi,RAJDHANI,Pune Junction,Visakhapatnam,07:45:00,18:35:00,650,"SUN,TUE,THU",1,2025-05-21T07:52:41.565Z,2025-05-21T07:52:41.565Z
120,10120,Jaipur Mumbai Express,SHATABDI,Jaipur,Mumbai CST,22:30:00,04:15:00,1785,"SUN,TUE,THU",1,2025-04-02T07:52:41.565Z,2025-04-02T07:52:41.565Z
121,10121,Mumbai Mumbai SF Express,SUPERFAST,Mumbai CST,Mumbai Central,09:05:00,18:00:00,535,"MON,TUE,WED,THU,FRI",1,2025-02-07T07:52:41.565Z,2025-02-07T07:52:41.565Z
122,10122,Udaipur Gwalior Duronto,RAJDHANI,Udaipur City,Gwalior,15:40:00,00:15:00,515,"MON,TUE,WED,THU,FRI,SAT,SUN",1,2024-08-27T07:52:41.566Z,2024-08-27T07:52:41.566Z
123,10123,Udaipur Ahmedabad Vande Bharat,EXPRESS,Udaipur City,Ahmedabad,07:40:00,15:10:00,1890,"MON,WED,FRI",1,2024-11-12T07:52:41.566Z,2024-11-12T07:52:41.566Z
124,10124,Nagpur Lucknow Superfast,MAIL,Nagpur,Lucknow,23:05:00,09:30:00,625,"MON,WED,FRI",1,2024-01-11T07:52:41.566Z,2024-01-11T07:52:41.566Z
125,10125,Kochi Jodhpur Mail,MAIL,Ernakulam,Jodhpur,11:40:00,14:50:00,1630,"MON,TUE,WED,THU,FRI",1,2025-12-17T07:52:41.566Z,2025-12-17T07:52:41.566Z
126,10126,Amritsar Kochi SF Express,MAIL,Amritsar,Ernakulam,11:15:00,20:15:00,540,"TUE,THU,SAT",1,2025-08-11T07:52:41.566Z,2025-08-11T07:52:41.566Z
127,10127,Udaipur Vadodara Duronto,MAIL,Udaipur City,Vadodara,06:35:00,09:35:00,1620,"TUE,THU,SAT",1,2025-01-31T07:52:41.566Z,2025-01-31T07:52:41.566Z
128,10128,Mumbai Kochi Shatabdi,SUPERFAST,Mumbai CST,Ernakulam,19:50:00,10:45:00,895,"TUE,THU,SAT",1,2024-05-13T07:52:41.566Z,2024-05-13T07:52:41.566Z
129,10129,Gwalior Katra SF Express,SUPERFAST,Gwalior,Shri Mata Vaishno Devi,16:25:00,21:15:00,290,"MON,WED,FRI",1,2025-01-21T07:52:41.566Z,2025-01-21T07:52:41.566Z
130,10130,Katra Chennai Express,SHATABDI,Shri Mata Vaishno Devi,Chennai Central,11:10:00,02:20:00,910,"TUE,THU,SAT",1,2025-10-08T07:52:41.566Z,2025-10-08T07:52:41.566Z
131,10131,Patna Amritsar Rajdhani,SUPERFAST,Patna Junction,Amritsar,03:00:00,06:45:00,1665,"SUN,TUE,THU",1,2024-04-11T07:52:41.566Z,2024-04-11T07:52:41.566Z
132,10132,Amritsar Jodhpur Duronto,RAJDHANI,Amritsar,Jodhpur,10:40:00,23:20:00,760,"MON,TUE,WED,THU,FRI,SAT,SUN",1,2025-09-03T07:52:41.566Z,2025-09-03T07:52:41.566Z
133,10133,Lucknow Indore Shatabdi,SUPERFAST,Lucknow,Indore,06:25:00,22:40:00,975,"TUE,THU,SAT",1,2025-12-05T07:52:41.566Z,2025-12-05T07:52:41.566Z
134,10134,Chennai Kochi Superfast,EXPRESS,Chennai Central,Ernakulam,08:20:00,23:20:00,900,"MON,TUE,WED,THU,FRI",1,2024-06-02T07:52:41.566Z,2024-06-02T07:52:41.566Z
135,10135,Delhi Amritsar Rajdhani,DURONTO,New Delhi,Amritsar,12:35:00,14:30:00,1555,"SUN,TUE,THU",1,2025-03-08T07:52:41.566Z,2025-03-08T07:52:41.566Z
136,10136,Udaipur Pune Intercity,DURONTO,Udaipur City,Pune Junction,10:20:00,19:00:00,520,"MON,TUE,WED,THU,FRI,SAT,SUN",1,2025-09-02T07:52:41.566Z,2025-09-02T07:52:41.566Z
137,10137,Delhi Gwalior Vande Bharat,VANDE_BHARAT,New Delhi,Gwalior,11:55:00,02:20:00,865,"MON,WED,FRI",1,2024-07-20T07:52:41.566Z,2024-07-20T07:52:41.566Z
138,10138,Gwalior Kochi Shatabdi,DURONTO,Gwalior,Ernakulam,02:00:00,06:15:00,255,"TUE,THU,SAT",1,2025-11-17T07:52:41.566Z,2025-11-17T07:52:41.566Z
139,10139,Bhopal Nagpur Express,SHATABDI,Bhopal Junction,Nagpur,15:10:00,21:40:00,1830,"MON,WED,FRI",1,2025-07-29T07:52:41.566Z,2025-07-29T07:52:41.566Z
140,10140,Udaipur Ahmedabad Intercity,SUPERFAST,Udaipur City,Ahmedabad,12:35:00,01:20:00,765,"MON,TUE,WED,THU,FRI",1,2024-08-18T07:52:41.566Z,2024-08-18T07:52:41.566Z
141,10141,Indore Ahmedabad SF Express,RAJDHANI,Indore,Ahmedabad,00:45:00,08:20:00,455,"MON,TUE,WED,THU,FRI",1,2024-02-05T07:52:41.566Z,2024-02-05T07:52:41.566Z
142,10142,Udaipur Indore Vande Bharat,MAIL,Udaipur City,Indore,20:25:00,16:05:00,1180,"TUE,THU,SAT",1,2025-02-10T07:52:41.566Z,2025-02-10T07:52:41.566Z
143,10143,Bhopal Delhi Mail,EXPRESS,Bhopal Junction,New Delhi,00:50:00,09:10:00,1940,"SUN,TUE,THU",1,2025-05-02T07:52:41.566Z,2025-05-02T07:52:41.566Z
144,10144,Bangalore Agra Duronto,SHATABDI,Bangalore City,Agra Cantt,15:30:00,14:05:00,1355,"MON,TUE,WED,THU,FRI",1,2024-10-16T07:52:41.566Z,2024-10-16T07:52:41.566Z
145,10145,Kolkata Amritsar Shatabdi,MAIL,Howrah,Amritsar,04:25:00,23:45:00,1160,"MON,TUE,WED,THU,FRI",1,2025-04-14T07:52:41.566Z,2025-04-14T07:52:41.566Z
146,10146,Udaipur Bangalore Shatabdi,DURONTO,Udaipur City,Bangalore City,04:10:00,06:30:00,1580,"MON,WED,FRI",1,2024-01-18T07:52:41.566Z,2024-01-18T07:52:41.566Z
147,10147,Nagpur Udaipur Vande Bharat,EXPRESS,Nagpur,Udaipur City,12:15:00,19:25:00,1870,"SUN,TUE,THU",1,2025-11-13T07:52:41.566Z,2025-11-13T07:52:41.566Z
148,10148,Mumbai Vadodara Rajdhani,VANDE_BHARAT,Mumbai CST,Vadodara,17:20:00,16:35:00,1395,"MON,WED,FRI",1,2024-09-14T07:52:41.566Z,2024-09-14T07:52:41.566Z
149,10149,Kochi Ahmedabad Express,VANDE_BHARAT,Ernakulam,Ahmedabad,21:20:00,02:10:00,290,"MON,TUE,WED,THU,FRI,SAT,SUN",1,2025-08-13T07:52:41.566Z,2025-08-13T07:52:41.566Z
150,10150,Gwalior Delhi Mail,MAIL,Gwalior,New Delhi,15:30:00,08:00:00,990,"MON,WED,FRI",1,2024-11-15T07:52:41.566Z,2024-11-15T07:52:41.566Z
151,10151,Hyderabad Mumbai Rajdhani,RAJDHANI,Hyderabad Deccan,Mumbai CST,12:50:00,10:20:00,1290,"TUE,THU,SAT",1,2024-04-22T07:52:41.566Z,2024-04-22T07:52:41.566Z
152,10152,Mumbai Kochi Shatabdi,EXPRESS,Mumbai Central,Ernakulam,23:40:00,09:35:00,2035,"TUE,THU,SAT",1,2024-04-16T07:52:41.566Z,2024-04-16T07:52:41.566Z
153,10153,Patna Lucknow Duronto,SUPERFAST,Patna Junction,Lucknow,02:50:00,08:35:00,345,"MON,WED,FRI",1,2025-07-23T07:52:41.566Z,2025-07-23T07:52:41.566Z
154,10154,Indore Udaipur Superfast,VANDE_BHARAT,Indore,Udaipur City,08:30:00,09:25:00,1495,"SUN,TUE,THU",1,2024-06-25T07:52:41.566Z,2024-06-25T07:52:41.566Z
155,10155,Trivandrum Bhopal Mail,MAIL,Trivandrum Central,Bhopal Junction,06:55:00,03:30:00,1235,"SUN,TUE,THU",1,2025-05-18T07:52:41.566Z,2025-05-18T07:52:41.566Z
156,10156,Amritsar Hyderabad Intercity,DURONTO,Amritsar,Hyderabad Deccan,16:10:00,08:15:00,965,"MON,TUE,WED,THU,FRI,SAT,SUN",1,2025-10-12T07:52:41.566Z,2025-10-12T07:52:41.566Z
157,10157,Indore Gwalior SF Express,VANDE_BHARAT,Indore,Gwalior,22:20:00,12:50:00,870,"MON,WED,FRI",1,2024-02-23T07:52:41.566Z,2024-02-23T07:52:41.566Z
158,10158,Delhi Kolkata Intercity,RAJDHANI,New Delhi,Howrah,05:45:00,11:10:00,1765,"MON,TUE,WED,THU,FRI",1,2025-10-29T07:52:41.566Z,2025-10-29T07:52:41.566Z
159,10159,Ahmedabad Pune Mail,SUPERFAST,Ahmedabad,Pune Junction,12:30:00,09:35:00,1265,"MON,TUE,WED,THU,FRI",1,2024-03-28T07:52:41.566Z,2024-03-28T07:52:41.566Z
160,10160,Trivandrum Hyderabad Shatabdi,SUPERFAST,Trivandrum Central,Hyderabad Deccan,08:05:00,10:20:00,1575,"SUN,TUE,THU",1,2025-05-29T07:52:41.566Z,2025-05-29T07:52:41.566Z
161,10161,Visakhapatnam Ahmedabad Rajdhani,EXPRESS,Visakhapatnam,Ahmedabad,15:25:00,02:15:00,650,"MON,TUE,WED,THU,FRI,SAT,SUN",1,2025-04-02T07:52:41.566Z,2025-04-02T07:52:41.566Z
162,10162,Pune Mumbai Superfast,RAJDHANI,Pune Junction,Mumbai CST,18:10:00,02:45:00,515,"MON,TUE,WED,THU,FRI,SAT,SUN",1,2024-03-01T07:52:41.566Z,2024-03-01T07:52:41.566Z
163,10163,Indore Kochi SF Express,MAIL,Indore,Ernakulam,06:00:00,05:50:00,1430,"MON,TUE,WED,THU,FRI",1,2024-10-16T07:52:41.566Z,2024-10-16T07:52:41.566Z
164,10164,Vadodara Katra Rajdhani,EXPRESS,Vadodara,Shri Mata Vaishno Devi,16:55:00,09:05:00,970,"SUN,TUE,THU",1,2024-02-29T07:52:41.566Z,2024-02-29T07:52:41.566Z
165,10165,Pune Chennai Mail,EXPRESS,Pune Junction,Chennai Central,05:40:00,03:50:00,1330,"SUN,TUE,THU",1,2024-07-01T07:52:41.566Z,2024-07-01T07:52:41.566Z
166,10166,Jodhpur Mumbai Duronto,SHATABDI,Jodhpur,Mumbai Central,01:30:00,21:30:00,1200,"SUN,TUE,THU",1,2024-08-04T07:52:41.566Z,2024-08-04T07:52:41.566Z
167,10167,Jodhpur Kochi Mail,SUPERFAST,Jodhpur,Ernakulam,23:05:00,00:15:00,1510,"TUE,THU,SAT",1,2025-03-16T07:52:41.566Z,2025-03-16T07:52:41.566Z
168,10168,Nagpur Lucknow Shatabdi,SUPERFAST,Nagpur,Lucknow,04:55:00,04:10:00,1395,"SUN,TUE,THU",1,2025-10-17T07:52:41.566Z,2025-10-17T07:52:41.566Z
169,10169,Kolkata Visakhapatnam Intercity,SHATABDI,Howrah,Visakhapatnam,17:25:00,09:40:00,975,"SUN,TUE,THU",1,2024-07-16T07:52:41.566Z,2024-07-16T07:52:41.566Z
170,10170,Delhi Bhopal Express,SUPERFAST,New Delhi,Bhopal Junction,07:20:00,00:45:00,1045,"TUE,THU,SAT",1,2025-09-26T07:52:41.566Z,2025-09-26T07:52:41.566Z
171,10171,Agra Udaipur Vande Bharat,RAJDHANI,Agra Cantt,Udaipur City,11:25:00,16:15:00,290,"MON,TUE,WED,THU,FRI,SAT,SUN",1,2024-04-16T07:52:41.566Z,2024-04-16T07:52:41.566Z
172,10172,Hyderabad Kochi Rajdhani,VANDE_BHARAT,Hyderabad Deccan,Ernakulam,19:20:00,15:25:00,1205,"MON,WED,FRI",1,2024-11-09T07:52:41.566Z,2024-11-09T07:52:41.566Z
173,10173,Visakhapatnam Udaipur Rajdhani,SUPERFAST,Visakhapatnam,Udaipur City,17:05:00,09:10:00,965,"MON,TUE,WED,THU,FRI",1,2025-08-11T07:52:41.566Z,2025-08-11T07:52:41.566Z
174,10174,Chennai Vadodara Duronto,SHATABDI,Chennai Central,Vadodara,01:10:00,11:05:00,595,"MON,TUE,WED,THU,FRI,SAT,SUN",1,2024-11-03T07:52:41.566Z,2024-11-03T07:52:41.566Z
175,10175,Jaipur Mumbai SF Express,SHATABDI,Jaipur,Mumbai CST,18:20:00,03:45:00,565,"MON,TUE,WED,THU,FRI,SAT,SUN",1,2025-12-08T07:52:41.566Z,2025-12-08T07:52:41.566Z
176,10176,Kochi Gwalior Rajdhani,DURONTO,Ernakulam,Gwalior,01:45:00,07:05:00,320,"TUE,THU,SAT",1,2024-02-06T07:52:41.566Z,2024-02-06T07:52:41.566Z
177,10177,Bhopal Delhi Intercity,EXPRESS,Bhopal Junction,New Delhi,19:55:00,13:20:00,1045,"MON,TUE,WED,THU,FRI,SAT,SUN",1,2024-05-11T07:52:41.567Z,2024-05-11T07:52:41.567Z
178,10178,Kolkata Udaipur Express,RAJDHANI,Howrah,Udaipur City,05:45:00,13:05:00,1880,"MON,TUE,WED,THU,FRI",1,2025-10-04T07:52:41.567Z,2025-10-04T07:52:41.567Z
179,10179,Patna Jaipur Superfast,SHATABDI,Patna Junction,Jaipur,05:45:00,15:20:00,2015,"MON,TUE,WED,THU,FRI,SAT,SUN",1,2025-09-02T07:52:41.567Z,2025-09-02T07:52:41.567Z
180,10180,Vadodara Ahmedabad SF Express,DURONTO,Vadodara,Ahmedabad,06:40:00,20:00:00,800,"MON,TUE,WED,THU,FRI",1,2025-10-21T07:52:41.567Z,2025-10-21T07:52:41.567Z
181,10181,Kochi Udaipur Mail,SUPERFAST,Ernakulam,Udaipur City,11:50:00,14:30:00,1600,"MON,TUE,WED,THU,FRI",1,2024-02-03T07:52:41.567Z,2024-02-03T07:52:41.567Z
182,10182,Delhi Nagpur Vande Bharat,MAIL,New Delhi,Nagpur,14:45:00,07:20:00,995,"MON,TUE,WED,THU,FRI,SAT,SUN",1,2024-11-10T07:52:41.567Z,2024-11-10T07:52:41.567Z
183,10183,Bhopal Amritsar Mail,SHATABDI,Bhopal Junction,Amritsar,03:50:00,08:35:00,285,"TUE,THU,SAT",1,2025-08-04T07:52:41.567Z,2025-08-04T07:52:41.567Z
184,10184,Kolkata Kochi Superfast,MAIL,Howrah,Ernakulam,07:10:00,17:40:00,630,"MON,WED,FRI",1,2024-04-18T07:52:41.567Z,2024-04-18T07:52:41.567Z
185,10185,Nagpur Udaipur Intercity,VANDE_BHARAT,Nagpur,Udaipur City,02:25:00,09:20:00,1855,"TUE,THU,SAT",1,2025-12-27T07:52:41.567Z,2025-12-27T07:52:41.567Z
186,10186,Patna Ahmedabad Superfast,MAIL,Patna Junction,Ahmedabad,06:15:00,10:35:00,1700,"MON,WED,FRI",1,2025-10-27T07:52:41.567Z,2025-10-27T07:52:41.567Z
187,10187,Nagpur Ahmedabad Superfast,RAJDHANI,Nagpur,Ahmedabad,11:45:00,02:45:00,900,"TUE,THU,SAT",1,2024-08-09T07:52:41.567Z,2024-08-09T07:52:41.567Z
188,10188,Udaipur Delhi Mail,DURONTO,Udaipur City,New Delhi,22:05:00,15:15:00,1030,"MON,TUE,WED,THU,FRI,SAT,SUN",1,2025-03-28T07:52:41.567Z,2025-03-28T07:52:41.567Z
189,10189,Trivandrum Bangalore Mail,SUPERFAST,Trivandrum Central,Bangalore City,11:45:00,19:05:00,1880,"SUN,TUE,THU",1,2024-10-13T07:52:41.567Z,2024-10-13T07:52:41.567Z
190,10190,Gwalior Mumbai Shatabdi,MAIL,Gwalior,Mumbai CST,07:00:00,15:55:00,535,"SUN,TUE,THU",1,2025-05-11T07:52:41.567Z,2025-05-11T07:52:41.567Z
191,10191,Jodhpur Nagpur Duronto,DURONTO,Jodhpur,Nagpur,14:40:00,22:50:00,490,"SUN,TUE,THU",1,2024-07-18T07:52:41.567Z,2024-07-18T07:52:41.567Z
192,10192,Jodhpur Bangalore SF Express,EXPRESS,Jodhpur,Bangalore City,17:50:00,23:45:00,355,"SUN,TUE,THU",1,2025-08-14T07:52:41.567Z,2025-08-14T07:52:41.567Z
193,10193,Visakhapatnam Kolkata Express,VANDE_BHARAT,Visakhapatnam,Howrah,10:10:00,04:00:00,1070,"MON,TUE,WED,THU,FRI",1,2025-12-16T07:52:41.567Z,2025-12-16T07:52:41.567Z
194,10194,Trivandrum Jaipur Rajdhani,EXPRESS,Trivandrum Central,Jaipur,09:00:00,06:55:00,1315,"TUE,THU,SAT",1,2024-08-27T07:52:41.567Z,2024-08-27T07:52:41.567Z
195,10195,Ahmedabad Bhopal Duronto,EXPRESS,Ahmedabad,Bhopal Junction,22:40:00,06:15:00,455,"MON,WED,FRI",1,2025-03-19T07:52:41.567Z,2025-03-19T07:52:41.567Z
196,10196,Kolkata Bhopal Intercity,SHATABDI,Howrah,Bhopal Junction,11:15:00,17:35:00,1820,"MON,WED,FRI",1,2025-03-12T07:52:41.567Z,2025-03-12T07:52:41.567Z
197,10197,Gwalior Nagpur Intercity,DURONTO,Gwalior,Nagpur,16:45:00,18:05:00,1520,"MON,WED,FRI",1,2024-01-04T07:52:41.567Z,2024-01-04T07:52:41.567Z
198,10198,Lucknow Bhopal Rajdhani,SHATABDI,Lucknow,Bhopal Junction,07:45:00,05:30:00,1305,"TUE,THU,SAT",1,2024-09-18T07:52:41.567Z,2024-09-18T07:52:41.567Z
199,10199,Kolkata Katra Superfast,SHATABDI,Howrah,Shri Mata Vaishno Devi,07:55:00,03:55:00,1200,"MON,TUE,WED,THU,FRI,SAT,SUN",1,2025-03-02T07:52:41.567Z,2025-03-02T07:52:41.567Z
200,10200,Pune Mumbai Rajdhani,SUPERFAST,Pune Junction,Mumbai CST,19:30:00,19:30:00,1440,"MON,TUE,WED,THU,FRI,SAT,SUN",1,2024-12-19T07:52:41.567Z,2024-12-19T07:52:41.567Z
201,10201,Jaipur Mumbai SF Express,SHATABDI,Jaipur,Mumbai CST,07:35:00,18:20:00,645,"MON,WED,FRI",1,2024-07-27T07:52:41.567Z,2024-07-27T07:52:41.567Z
202,10202,Bangalore Delhi Mail,RAJDHANI,Bangalore City,New Delhi,05:00:00,12:55:00,475,"SUN,TUE,THU",1,2024-02-14T07:52:41.567Z,2024-02-14T07:52:41.567Z
203,10203,Jaipur Mumbai Mail,SHATABDI,Jaipur,Mumbai CST,12:30:00,16:05:00,1655,"MON,TUE,WED,THU,FRI",1,2024-09-10T07:52:41.567Z,2024-09-10T07:52:41.567Z
204,10204,Patna Kochi Mail,RAJDHANI,Patna Junction,Ernakulam,09:10:00,14:05:00,295,"MON,TUE,WED,THU,FRI,SAT,SUN",1,2024-05-31T07:52:41.567Z,2024-05-31T07:52:41.567Z
205,10205,Mumbai Amritsar Rajdhani,RAJDHANI,Mumbai CST,Amritsar,18:05:00,01:10:00,425,"MON,TUE,WED,THU,FRI,SAT,SUN",1,2025-07-10T07:52:41.567Z,2025-07-10T07:52:41.567Z
206,10206,Nagpur Agra Shatabdi,VANDE_BHARAT,Nagpur,Agra Cantt,11:40:00,21:15:00,2015,"MON,WED,FRI",1,2024-03-02T07:52:41.567Z,2024-03-02T07:52:41.567Z
207,10207,Indore Vadodara Vande Bharat,DURONTO,Indore,Vadodara,13:30:00,11:30:00,1320,"MON,TUE,WED,THU,FRI,SAT,SUN",1,2024-11-26T07:52:41.567Z,2024-11-26T07:52:41.567Z
208,10208,Udaipur Vadodara Vande Bharat,RAJDHANI,Udaipur City,Vadodara,21:10:00,07:00:00,2030,"SUN,TUE,THU",1,2024-10-05T07:52:41.567Z,2024-10-05T07:52:41.567Z
209,10209,Hyderabad Amritsar Shatabdi,EXPRESS,Hyderabad Deccan,Amritsar,08:20:00,22:15:00,835,"MON,WED,FRI",1,2024-02-09T07:52:41.567Z,2024-02-09T07:52:41.567Z
210,10210,Katra Lucknow Vande Bharat,VANDE_BHARAT,Shri Mata Vaishno Devi,Lucknow,16:30:00,23:05:00,395,"MON,WED,FRI",1,2024-05-30T07:52:41.567Z,2024-05-30T07:52:41.567Z
211,10211,Chennai Trivandrum SF Express,MAIL,Chennai Central,Trivandrum Central,00:30:00,09:00:00,510,"MON,TUE,WED,THU,FRI",1,2025-07-13T07:52:41.567Z,2025-07-13T07:52:41.567Z
212,10212,Agra Amritsar SF Express,VANDE_BHARAT,Agra Cantt,Amritsar,03:15:00,19:10:00,955,"MON,TUE,WED,THU,FRI",1,2024-11-17T07:52:41.567Z,2024-11-17T07:52:41.567Z
213,10213,Nagpur Hyderabad Duronto,MAIL,Nagpur,Hyderabad Deccan,10:20:00,05:55:00,1175,"MON,TUE,WED,THU,FRI,SAT,SUN",1,2025-03-14T07:52:41.567Z,2025-03-14T07:52:41.567Z
214,10214,Kolkata Kochi SF Express,MAIL,Howrah,Ernakulam,04:55:00,15:20:00,625,"MON,TUE,WED,THU,FRI",1,2025-08-28T07:52:41.567Z,2025-08-28T07:52:41.567Z
215,10215,Kochi Udaipur Shatabdi,MAIL,Ernakulam,Udaipur City,13:40:00,01:55:00,735,"SUN,TUE,THU",1,2024-09-05T07:52:41.567Z,2024-09-05T07:52:41.567Z
216,10216,Kolkata Jodhpur Duronto,RAJDHANI,Howrah,Jodhpur,18:50:00,07:40:00,770,"MON,TUE,WED,THU,FRI",1,2025-08-25T07:52:41.567Z,2025-08-25T07:52:41.567Z
217,10217,Kolkata Katra Express,EXPRESS,Howrah,Shri Mata Vaishno Devi,06:50:00,15:35:00,1965,"SUN,TUE,THU",1,2024-03-21T07:52:41.567Z,2024-03-21T07:52:41.567Z
218,10218,Udaipur Indore Rajdhani,EXPRESS,Udaipur City,Indore,11:40:00,01:15:00,815,"MON,TUE,WED,THU,FRI,SAT,SUN",1,2024-07-20T07:52:41.567Z,2024-07-20T07:52:41.567Z
219,10219,Kochi Delhi Vande Bharat,DURONTO,Ernakulam,New Delhi,06:10:00,12:50:00,400,"MON,TUE,WED,THU,FRI,SAT,SUN",1,2025-04-04T07:52:41.567Z,2025-04-04T07:52:41.567Z
220,10220,Mumbai Delhi Mail,VANDE_BHARAT,Mumbai CST,New Delhi,11:40:00,08:40:00,1260,"MON,TUE,WED,THU,FRI",1,2025-07-14T07:52:41.567Z,2025-07-14T07:52:41.567Z
221,10221,Gwalior Udaipur Vande Bharat,SHATABDI,Gwalior,Udaipur City,21:50:00,02:20:00,1710,"MON,WED,FRI",1,2025-02-27T07:52:41.567Z,2025-02-27T07:52:41.567Z
222,10222,Jodhpur Amritsar Intercity,MAIL,Jodhpur,Amritsar,12:35:00,02:30:00,835,"MON,WED,FRI",1,2024-11-26T07:52:41.567Z,2024-11-26T07:52:41.567Z
223,10223,Jaipur Hyderabad Express,SUPERFAST,Jaipur,Hyderabad Deccan,08:20:00,20:35:00,735,"SUN,TUE,THU",1,2025-01-15T07:52:41.567Z,2025-01-15T07:52:41.567Z
224,10224,Ahmedabad Kochi SF Express,SUPERFAST,Ahmedabad,Ernakulam,21:00:00,09:10:00,730,"MON,TUE,WED,THU,FRI",1,2025-08-07T07:52:41.567Z,2025-08-07T07:52:41.567Z
225,10225,Patna Katra Superfast,RAJDHANI,Patna Junction,Shri Mata Vaishno Devi,03:35:00,16:40:00,785,"MON,TUE,WED,THU,FRI",1,2024-09-23T07:52:41.567Z,2024-09-23T07:52:41.567Z
226,10226,Agra Bangalore Intercity,VANDE_BHARAT,Agra Cantt,Bangalore City,14:55:00,21:30:00,1835,"MON,TUE,WED,THU,FRI",1,2024-05-15T07:52:41.567Z,2024-05-15T07:52:41.567Z
227,10227,Mumbai Pune Superfast,SHATABDI,Mumbai CST,Pune Junction,11:15:00,02:15:00,900,"MON,TUE,WED,THU,FRI",1,2024-10-05T07:52:41.567Z,2024-10-05T07:52:41.567Z
228,10228,Mumbai Kochi Vande Bharat,MAIL,Mumbai Central,Ernakulam,14:20:00,21:10:00,410,"SUN,TUE,THU",1,2025-12-24T07:52:41.567Z,2025-12-24T07:52:41.567Z
229,10229,Pune Gwalior Rajdhani,MAIL,Pune Junction,Gwalior,12:45:00,20:20:00,1895,"MON,TUE,WED,THU,FRI",1,2024-08-06T07:52:41.567Z,2024-08-06T07:52:41.567Z
230,10230,Ahmedabad Lucknow Rajdhani,SUPERFAST,Ahmedabad,Lucknow,05:00:00,05:40:00,1480,"SUN,TUE,THU",1,2024-09-05T07:52:41.567Z,2024-09-05T07:52:41.567Z
231,10231,Delhi Pune Intercity,RAJDHANI,New Delhi,Pune Junction,17:50:00,18:45:00,1495,"SUN,TUE,THU",1,2024-03-31T07:52:41.568Z,2024-03-31T07:52:41.568Z
232,10232,Vadodara Bangalore Vande Bharat,SUPERFAST,Vadodara,Bangalore City,02:40:00,13:40:00,660,"MON,WED,FRI",1,2024-02-29T07:52:41.568Z,2024-02-29T07:52:41.568Z
233,10233,Jaipur Mumbai Intercity,SUPERFAST,Jaipur,Mumbai Central,02:05:00,20:40:00,1115,"SUN,TUE,THU",1,2024-02-10T07:52:41.568Z,2024-02-10T07:52:41.568Z
234,10234,Nagpur Visakhapatnam Vande Bharat,MAIL,Nagpur,Visakhapatnam,06:10:00,03:30:00,1280,"TUE,THU,SAT",1,2025-07-27T07:52:41.568Z,2025-07-27T07:52:41.568Z
235,10235,Mumbai Amritsar Vande Bharat,DURONTO,Mumbai CST,Amritsar,11:00:00,22:10:00,670,"MON,WED,FRI",1,2025-05-17T07:52:41.568Z,2025-05-17T07:52:41.568Z
236,10236,Chennai Jodhpur Mail,SHATABDI,Chennai Central,Jodhpur,18:50:00,01:15:00,1825,"MON,TUE,WED,THU,FRI,SAT,SUN",1,2025-02-09T07:52:41.568Z,2025-02-09T07:52:41.568Z
237,10237,Gwalior Amritsar Intercity,MAIL,Gwalior,Amritsar,01:30:00,09:15:00,465,"TUE,THU,SAT",1,2025-02-14T07:52:41.568Z,2025-02-14T07:52:41.568Z
238,10238,Mumbai Chennai Duronto,VANDE_BHARAT,Mumbai CST,Chennai Central,21:05:00,03:20:00,1815,"MON,TUE,WED,THU,FRI",1,2024-05-27T07:52:41.568Z,2024-05-27T07:52:41.568Z
239,10239,Bhopal Bangalore Express,DURONTO,Bhopal Junction,Bangalore City,06:10:00,17:25:00,675,"TUE,THU,SAT",1,2024-09-09T07:52:41.568Z,2024-09-09T07:52:41.568Z
240,10240,Patna Lucknow Duronto,SHATABDI,Patna Junction,Lucknow,21:50:00,00:10:00,1580,"MON,WED,FRI",1,2025-02-26T07:52:41.568Z,2025-02-26T07:52:41.568Z
241,10241,Delhi Patna Intercity,SHATABDI,New Delhi,Patna Junction,12:55:00,09:10:00,1215,"MON,TUE,WED,THU,FRI,SAT,SUN",0,2025-04-16T07:52:41.568Z,2025-04-16T07:52:41.568Z
242,10242,Bangalore Ahmedabad SF Express,EXPRESS,Bangalore City,Ahmedabad,06:10:00,10:40:00,270,"MON,WED,FRI",1,2025-04-17T07:52:41.568Z,2025-04-17T07:52:41.568Z
243,10243,Mumbai Trivandrum Mail,DURONTO,Mumbai Central,Trivandrum Central,02:00:00,00:55:00,1375,"MON,WED,FRI",1,2024-08-26T07:52:41.568Z,2024-08-26T07:52:41.568Z
244,10244,Bhopal Katra SF Express,SUPERFAST,Bhopal Junction,Shri Mata Vaishno Devi,07:50:00,03:45:00,1195,"MON,WED,FRI",1,2024-02-11T07:52:41.568Z,2024-02-11T07:52:41.568Z
245,10245,Trivandrum Bhopal Duronto,EXPRESS,Trivandrum Central,Bhopal Junction,13:50:00,13:35:00,1425,"MON,TUE,WED,THU,FRI,SAT,SUN",0,2024-10-01T07:52:41.568Z,2024-10-01T07:52:41.568Z
246,10246,Pune Hyderabad SF Express,MAIL,Pune Junction,Hyderabad Deccan,22:30:00,06:35:00,1925,"SUN,TUE,THU",1,2024-06-12T07:52:41.568Z,2024-06-12T07:52:41.568Z
247,10247,Katra Kochi Vande Bharat,MAIL,Shri Mata Vaishno Devi,Ernakulam,04:25:00,05:35:00,1510,"MON,TUE,WED,THU,FRI,SAT,SUN",1,2025-10-25T07:52:41.568Z,2025-10-25T07:52:41.568Z
248,10248,Mumbai Mumbai Vande Bharat,DURONTO,Mumbai Central,Mumbai CST,20:10:00,18:20:00,1330,"MON,TUE,WED,THU,FRI,SAT,SUN",1,2024-12-21T07:52:41.568Z,2024-12-21T07:52:41.568Z
249,10249,Amritsar Lucknow Shatabdi,RAJDHANI,Amritsar,Lucknow,00:15:00,09:25:00,550,"MON,TUE,WED,THU,FRI",1,2025-12-06T07:52:41.568Z,2025-12-06T07:52:41.568Z
250,10250,Pune Jodhpur Superfast,DURONTO,Pune Junction,Jodhpur,20:10:00,04:55:00,525,"MON,WED,FRI",1,2025-06-20T07:52:41.568Z,2025-06-20T07:52:41.568Z
251,10251,Amritsar Hyderabad Shatabdi,VANDE_BHARAT,Amritsar,Hyderabad Deccan,02:40:00,08:35:00,355,"MON,WED,FRI",1,2024-10-03T07:52:41.568Z,2024-10-03T07:52:41.568Z
252,10252,Trivandrum Katra Mail,VANDE_BHARAT,Trivandrum Central,Shri Mata Vaishno Devi,20:45:00,23:25:00,1600,"TUE,THU,SAT",1,2024-04-15T07:52:41.568Z,2024-04-15T07:52:41.568Z
253,10253,Jodhpur Udaipur Intercity,SHATABDI,Jodhpur,Udaipur City,11:25:00,11:25:00,1440,"MON,TUE,WED,THU,FRI",1,2025-04-13T07:52:41.568Z,2025-04-13T07:52:41.568Z
254,10254,Mumbai Agra Rajdhani,SHATABDI,Mumbai CST,Agra Cantt,21:30:00,01:45:00,255,"TUE,THU,SAT",1,2024-04-29T07:52:41.568Z,2024-04-29T07:52:41.568Z
255,10255,Bhopal Chennai Superfast,EXPRESS,Bhopal Junction,Chennai Central,18:20:00,23:25:00,1745,"TUE,THU,SAT",1,2025-08-18T07:52:41.568Z,2025-08-18T07:52:41.568Z
256,10256,Jodhpur Jaipur Vande Bharat,DURONTO,Jodhpur,Jaipur,19:20:00,15:20:00,1200,"MON,WED,FRI",1,2024-10-08T07:52:41.568Z,2024-10-08T07:52:41.568Z
257,10257,Katra Ahmedabad SF Express,MAIL,Shri Mata Vaishno Devi,Ahmedabad,22:20:00,20:40:00,1340,"TUE,THU,SAT",1,2025-12-13T07:52:41.568Z,2025-12-13T07:52:41.568Z
258,10258,Indore Delhi Vande Bharat,MAIL,Indore,New Delhi,08:05:00,14:50:00,1845,"MON,TUE,WED,THU,FRI,SAT,SUN",1,2024-09-20T07:52:41.568Z,2024-09-20T07:52:41.568Z
259,10259,Mumbai Kolkata Duronto,VANDE_BHARAT,Mumbai Central,Howrah,06:00:00,08:25:00,1585,"SUN,TUE,THU",1,2024-04-28T07:52:41.568Z,2024-04-28T07:52:41.568Z
260,10260,Chennai Agra SF Express,MAIL,Chennai Central,Agra Cantt,02:50:00,13:15:00,625,"TUE,THU,SAT",1,2025-02-09T07:52:41.568Z,2025-02-09T07:52:41.568Z
261,10261,Kochi Udaipur Intercity,SHATABDI,Ernakulam,Udaipur City,10:00:00,23:40:00,820,"SUN,TUE,THU",1,2024-11-18T07:52:41.568Z,2024-11-18T07:52:41.568Z
262,10262,Kolkata Amritsar Mail,EXPRESS,Howrah,Amritsar,11:40:00,16:50:00,310,"MON,WED,FRI",1,2024-02-11T07:52:41.568Z,2024-02-11T07:52:41.568Z
263,10263,Ahmedabad Amritsar Rajdhani,EXPRESS,Ahmedabad,Amritsar,03:25:00,10:50:00,445,"MON,TUE,WED,THU,FRI,SAT,SUN",1,2025-12-06T07:52:41.568Z,2025-12-06T07:52:41.568Z
264,10264,Vadodara Amritsar SF Express,RAJDHANI,Vadodara,Amritsar,17:20:00,22:35:00,315,"TUE,THU,SAT",0,2025-02-08T07:52:41.568Z,2025-02-08T07:52:41.568Z
265,10265,Mumbai Jodhpur Shatabdi,RAJDHANI,Mumbai Central,Jodhpur,00:40:00,19:20:00,1120,"SUN,TUE,THU",1,2024-08-15T07:52:41.568Z,2024-08-15T07:52:41.568Z
266,10266,Kolkata Indore Duronto,DURONTO,Howrah,Indore,05:45:00,18:35:00,770,"TUE,THU,SAT",1,2024-02-06T07:52:41.568Z,2024-02-06T07:52:41.568Z
267,10267,Trivandrum Bhopal Express,VANDE_BHARAT,Trivandrum Central,Bhopal Junction,13:50:00,19:40:00,350,"SUN,TUE,THU",1,2025-08-07T07:52:41.568Z,2025-08-07T07:52:41.568Z
268,10268,Hyderabad Bangalore Shatabdi,VANDE_BHARAT,Hyderabad Deccan,Bangalore City,20:55:00,11:05:00,850,"MON,TUE,WED,THU,FRI,SAT,SUN",1,2024-12-04T07:52:41.568Z,2024-12-04T07:52:41.568Z
269,10269,Ahmedabad Jaipur Mail,EXPRESS,Ahmedabad,Jaipur,01:55:00,18:45:00,1010,"MON,TUE,WED,THU,FRI",1,2024-12-28T07:52:41.568Z,2024-12-28T07:52:41.568Z
270,10270,Agra Indore SF Express,MAIL,Agra Cantt,Indore,10:35:00,06:55:00,1220,"SUN,TUE,THU",1,2025-08-31T07:52:41.568Z,2025-08-31T07:52:41.568Z
271,10271,Bangalore Jodhpur SF Express,SUPERFAST,Bangalore City,Jodhpur,07:30:00,19:15:00,705,"SUN,TUE,THU",1,2025-09-10T07:52:41.568Z,2025-09-10T07:52:41.568Z
272,10272,Katra Lucknow Vande Bharat,DURONTO,Shri Mata Vaishno Devi,Lucknow,06:00:00,13:00:00,420,"MON,TUE,WED,THU,FRI,SAT,SUN",1,2024-08-08T07:52:41.568Z,2024-08-08T07:52:41.568Z
273,10273,Udaipur Pune Rajdhani,SUPERFAST,Udaipur City,Pune Junction,13:15:00,18:25:00,310,"MON,TUE,WED,THU,FRI,SAT,SUN",1,2024-11-04T07:52:41.568Z,2024-11-04T07:52:41.568Z
274,10274,Mumbai Ahmedabad Shatabdi,RAJDHANI,Mumbai Central,Ahmedabad,12:15:00,20:05:00,1910,"MON,WED,FRI",1,2025-05-04T07:52:41.568Z,2025-05-04T07:52:41.568Z
275,10275,Ahmedabad Chennai Express,DURONTO,Ahmedabad,Chennai Central,12:20:00,14:25:00,1565,"SUN,TUE,THU",1,2025-05-04T07:52:41.568Z,2025-05-04T07:52:41.568Z
276,10276,Amritsar Chennai Superfast,RAJDHANI,Amritsar,Chennai Central,15:40:00,07:35:00,955,"MON,TUE,WED,THU,FRI,SAT,SUN",1,2024-01-27T07:52:41.568Z,2024-01-27T07:52:41.568Z
277,10277,Patna Trivandrum Vande Bharat,RAJDHANI,Patna Junction,Trivandrum Central,09:10:00,19:10:00,600,"TUE,THU,SAT",1,2024-10-28T07:52:41.568Z,2024-10-28T07:52:41.568Z
278,10278,Jodhpur Udaipur Mail,EXPRESS,Jodhpur,Udaipur City,00:10:00,23:00:00,1370,"TUE,THU,SAT",1,2025-02-24T07:52:41.568Z,2025-02-24T07:52:41.568Z
279,10279,Trivandrum Delhi Express,SHATABDI,Trivandrum Central,New Delhi,19:40:00,00:00:00,1700,"TUE,THU,SAT",1,2025-10-01T07:52:41.568Z,2025-10-01T07:52:41.568Z
280,10280,Kolkata Jaipur Superfast,VANDE_BHARAT,Howrah,Jaipur,08:00:00,06:45:00,1365,"MON,TUE,WED,THU,FRI",1,2025-09-28T07:52:41.568Z,2025-09-28T07:52:41.568Z
281,10281,Bangalore Kolkata Vande Bharat,SUPERFAST,Bangalore City,Howrah,10:45:00,14:40:00,1675,"SUN,TUE,THU",1,2025-06-25T07:52:41.568Z,2025-06-25T07:52:41.568Z
282,10282,Gwalior Trivandrum Express,SUPERFAST,Gwalior,Trivandrum Central,09:40:00,11:15:00,1535,"SUN,TUE,THU",1,2024-04-14T07:52:41.568Z,2024-04-14T07:52:41.568Z
283,10283,Hyderabad Delhi SF Express,VANDE_BHARAT,Hyderabad Deccan,New Delhi,22:40:00,07:45:00,545,"MON,WED,FRI",1,2024-04-20T07:52:41.569Z,2024-04-20T07:52:41.569Z
284,10284,Jodhpur Nagpur Intercity,EXPRESS,Jodhpur,Nagpur,12:15:00,04:25:00,970,"SUN,TUE,THU",1,2024-10-15T07:52:41.569Z,2024-10-15T07:52:41.569Z
285,10285,Mumbai Indore SF Express,MAIL,Mumbai CST,Indore,22:50:00,07:55:00,545,"TUE,THU,SAT",1,2024-03-06T07:52:41.569Z,2024-03-06T07:52:41.569Z
286,10286,Lucknow Bhopal SF Express,EXPRESS,Lucknow,Bhopal Junction,04:45:00,13:35:00,1970,"MON,TUE,WED,THU,FRI,SAT,SUN",1,2025-10-26T07:52:41.569Z,2025-10-26T07:52:41.569Z
287,10287,Mumbai Nagpur Superfast,SHATABDI,Mumbai CST,Nagpur,17:55:00,22:40:00,1725,"TUE,THU,SAT",1,2025-04-14T07:52:41.569Z,2025-04-14T07:52:41.569Z
288,10288,Katra Jodhpur Duronto,SHATABDI,Shri Mata Vaishno Devi,Jodhpur,02:20:00,22:45:00,1225,"SUN,TUE,THU",1,2025-06-29T07:52:41.569Z,2025-06-29T07:52:41.569Z
289,10289,Patna Jodhpur Duronto,MAIL,Patna Junction,Jodhpur,16:40:00,23:40:00,420,"MON,TUE,WED,THU,FRI,SAT,SUN",1,2025-02-28T07:52:41.569Z,2025-02-28T07:52:41.569Z
290,10290,Delhi Bangalore Shatabdi,MAIL,New Delhi,Bangalore City,21:35:00,19:05:00,1290,"TUE,THU,SAT",1,2025-11-25T07:52:41.569Z,2025-11-25T07:52:41.569Z
291,10291,Mumbai Pune Superfast,MAIL,Mumbai CST,Pune Junction,21:10:00,16:35:00,1165,"SUN,TUE,THU",1,2025-12-04T07:52:41.569Z,2025-12-04T07:52:41.569Z
292,10292,Kolkata Lucknow Mail,MAIL,Howrah,Lucknow,22:35:00,04:15:00,1780,"MON,TUE,WED,THU,FRI",1,2024-03-11T07:52:41.569Z,2024-03-11T07:52:41.569Z
293,10293,Nagpur Delhi Intercity,RAJDHANI,Nagpur,New Delhi,00:10:00,06:10:00,360,"MON,TUE,WED,THU,FRI,SAT,SUN",1,2024-05-12T07:52:41.569Z,2024-05-12T07:52:41.569Z
294,10294,Amritsar Mumbai Shatabdi,MAIL,Amritsar,Mumbai Central,10:40:00,00:45:00,845,"SUN,TUE,THU",1,2025-05-27T07:52:41.569Z,2025-05-27T07:52:41.569Z
295,10295,Chennai Ahmedabad Duronto,EXPRESS,Chennai Central,Ahmedabad,19:25:00,20:05:00,1480,"SUN,TUE,THU",1,2024-09-11T07:52:41.569Z,2024-09-11T07:52:41.569Z
296,10296,Kochi Pune SF Express,VANDE_BHARAT,Ernakulam,Pune Junction,16:10:00,08:15:00,965,"MON,TUE,WED,THU,FRI,SAT,SUN",1,2025-07-02T07:52:41.569Z,2025-07-02T07:52:41.569Z
297,10297,Bhopal Vadodara SF Express,MAIL,Bhopal Junction,Vadodara,04:10:00,15:00:00,650,"TUE,THU,SAT",1,2024-02-16T07:52:41.569Z,2024-02-16T07:52:41.569Z
298,10298,Pune Agra Shatabdi,MAIL,Pune Junction,Agra Cantt,17:30:00,23:40:00,370,"SUN,TUE,THU",1,2024-07-14T07:52:41.569Z,2024-07-14T07:52:41.569Z
299,10299,Ahmedabad Mumbai Shatabdi,SHATABDI,Ahmedabad,Mumbai CST,04:10:00,06:35:00,1585,"MON,WED,FRI",1,2024-01-15T07:52:41.569Z,2024-01-15T07:52:41.569Z
300,10300,Katra Jodhpur Shatabdi,DURONTO,Shri Mata Vaishno Devi,Jodhpur,03:40:00,21:15:00,1055,"MON,WED,FRI",1,2025-05-09T07:52:41.569Z,2025-05-09T07:52:41.569Z
301,10301,Gwalior Visakhapatnam Shatabdi,EXPRESS,Gwalior,Visakhapatnam,07:40:00,23:00:00,920,"TUE,THU,SAT",1,2024-07-17T07:52:41.569Z,2024-07-17T07:52:41.569Z
302,10302,Mumbai Katra Vande Bharat,SUPERFAST,Mumbai CST,Shri Mata Vaishno Devi,16:00:00,15:20:00,1400,"TUE,THU,SAT",1,2025-06-13T07:52:41.569Z,2025-06-13T07:52:41.569Z
303,10303,Visakhapatnam Udaipur Mail,SHATABDI,Visakhapatnam,Udaipur City,17:45:00,12:25:00,1120,"MON,TUE,WED,THU,FRI,SAT,SUN",1,2024-11-18T07:52:41.569Z,2024-11-18T07:52:41.569Z
304,10304,Kolkata Chennai SF Express,VANDE_BHARAT,Howrah,Chennai Central,20:45:00,13:40:00,1015,"MON,TUE,WED,THU,FRI",1,2025-09-25T07:52:41.569Z,2025-09-25T07:52:41.569Z
305,10305,Jodhpur Delhi Express,SHATABDI,Jodhpur,New Delhi,03:50:00,14:55:00,665,"SUN,TUE,THU",1,2024-05-10T07:52:41.569Z,2024-05-10T07:52:41.569Z
306,10306,Kochi Bhopal Duronto,EXPRESS,Ernakulam,Bhopal Junction,18:30:00,13:05:00,1115,"MON,WED,FRI",1,2025-09-18T07:52:41.569Z,2025-09-18T07:52:41.569Z
307,10307,Indore Vadodara Superfast,VANDE_BHARAT,Indore,Vadodara,02:50:00,23:50:00,1260,"TUE,THU,SAT",0,2025-03-17T07:52:41.569Z,2025-03-17T07:52:41.569Z
308,10308,Katra Visakhapatnam Superfast,DURONTO,Shri Mata Vaishno Devi,Visakhapatnam,19:20:00,12:00:00,1000,"MON,WED,FRI",0,2024-10-03T07:52:41.569Z,2024-10-03T07:52:41.569Z
309,10309,Kolkata Ahmedabad Vande Bharat,VANDE_BHARAT,Howrah,Ahmedabad,21:50:00,04:25:00,395,"SUN,TUE,THU",1,2025-05-19T07:52:41.569Z,2025-05-19T07:52:41.569Z
310,10310,Vadodara Delhi Vande Bharat,MAIL,Vadodara,New Delhi,12:40:00,01:40:00,780,"TUE,THU,SAT",0,2024-01-25T07:52:41.569Z,2024-01-25T07:52:41.569Z
311,10311,Mumbai Udaipur Superfast,DURONTO,Mumbai Central,Udaipur City,22:40:00,15:45:00,1025,"TUE,THU,SAT",1,2024-07-15T07:52:41.569Z,2024-07-15T07:52:41.569Z
312,10312,Chennai Pune Express,DURONTO,Chennai Central,Pune Junction,04:20:00,02:15:00,1315,"MON,TUE,WED,THU,FRI",1,2025-09-29T07:52:41.569Z,2025-09-29T07:52:41.569Z
313,10313,Delhi Vadodara Intercity,SHATABDI,New Delhi,Vadodara,11:10:00,21:10:00,600,"SUN,TUE,THU",1,2025-03-08T07:52:41.569Z,2025-03-08T07:52:41.569Z
314,10314,Bhopal Nagpur Rajdhani,EXPRESS,Bhopal Junction,Nagpur,02:50:00,04:20:00,1530,"MON,WED,FRI",1,2025-08-18T07:52:41.569Z,2025-08-18T07:52:41.569Z
315,10315,Gwalior Visakhapatnam SF Express,SHATABDI,Gwalior,Visakhapatnam,04:35:00,21:35:00,1020,"MON,TUE,WED,THU,FRI",1,2025-03-05T07:52:41.569Z,2025-03-05T07:52:41.569Z
316,10316,Nagpur Visakhapatnam Mail,SUPERFAST,Nagpur,Visakhapatnam,23:20:00,11:40:00,740,"TUE,THU,SAT",1,2024-09-08T07:52:41.569Z,2024-09-08T07:52:41.569Z
317,10317,Vadodara Mumbai Duronto,MAIL,Vadodara,Mumbai CST,05:40:00,19:05:00,805,"SUN,TUE,THU",1,2024-08-02T07:52:41.569Z,2024-08-02T07:52:41.569Z
318,10318,Kochi Udaipur Duronto,EXPRESS,Ernakulam,Udaipur City,13:55:00,04:00:00,845,"SUN,TUE,THU",1,2025-07-18T07:52:41.569Z,2025-07-18T07:52:41.569Z
319,10319,Lucknow Nagpur Vande Bharat,SUPERFAST,Lucknow,Nagpur,01:00:00,17:55:00,1015,"TUE,THU,SAT",1,2025-04-10T07:52:41.569Z,2025-04-10T07:52:41.569Z
320,10320,Mumbai Ahmedabad Duronto,VANDE_BHARAT,Mumbai CST,Ahmedabad,07:45:00,13:45:00,360,"MON,TUE,WED,THU,FRI,SAT,SUN",1,2024-06-17T07:52:41.569Z,2024-06-17T07:52:41.569Z
321,10321,Hyderabad Bangalore Intercity,VANDE_BHARAT,Hyderabad Deccan,Bangalore City,05:05:00,09:05:00,240,"SUN,TUE,THU",0,2024-01-14T07:52:41.569Z,2024-01-14T07:52:41.569Z
322,10322,Agra Vadodara Shatabdi,SUPERFAST,Agra Cantt,Vadodara,16:45:00,02:05:00,560,"MON,WED,FRI",1,2024-02-26T07:52:41.569Z,2024-02-26T07:52:41.569Z
323,10323,Lucknow Chennai Mail,EXPRESS,Lucknow,Chennai Central,21:20:00,13:45:00,985,"TUE,THU,SAT",1,2025-04-11T07:52:41.569Z,2025-04-11T07:52:41.569Z
324,10324,Ahmedabad Delhi Shatabdi,RAJDHANI,Ahmedabad,New Delhi,20:45:00,14:10:00,1045,"MON,TUE,WED,THU,FRI",1,2025-10-24T07:52:41.569Z,2025-10-24T07:52:41.569Z
325,10325,Vadodara Nagpur SF Express,DURONTO,Vadodara,Nagpur,08:10:00,04:35:00,1225,"TUE,THU,SAT",1,2024-06-02T07:52:41.569Z,2024-06-02T07:52:41.569Z
326,10326,Vadodara Patna Superfast,SHATABDI,Vadodara,Patna Junction,06:45:00,00:30:00,1065,"MON,TUE,WED,THU,FRI",1,2025-08-11T07:52:41.569Z,2025-08-11T07:52:41.569Z
327,10327,Udaipur Kochi Intercity,SUPERFAST,Udaipur City,Ernakulam,02:25:00,10:00:00,1895,"SUN,TUE,THU",1,2024-03-11T07:52:41.569Z,2024-03-11T07:52:41.569Z
328,10328,Hyderabad Pune SF Express,VANDE_BHARAT,Hyderabad Deccan,Pune Junction,16:40:00,01:25:00,525,"TUE,THU,SAT",1,2024-09-30T07:52:41.569Z,2024-09-30T07:52:41.569Z
329,10329,Nagpur Indore Duronto,EXPRESS,Nagpur,Indore,02:15:00,06:05:00,1670,"MON,TUE,WED,THU,FRI,SAT,SUN",1,2024-01-11T07:52:41.569Z,2024-01-11T07:52:41.569Z
330,10330,Bangalore Hyderabad Express,RAJDHANI,Bangalore City,Hyderabad Deccan,19:45:00,21:25:00,1540,"TUE,THU,SAT",1,2025-07-28T07:52:41.569Z,2025-07-28T07:52:41.569Z
331,10331,Kolkata Visakhapatnam Shatabdi,MAIL,Howrah,Visakhapatnam,14:45:00,02:35:00,710,"SUN,TUE,THU",1,2025-10-21T07:52:41.569Z,2025-10-21T07:52:41.569Z
332,10332,Patna Delhi Mail,EXPRESS,Patna Junction,New Delhi,20:30:00,12:05:00,935,"MON,TUE,WED,THU,FRI,SAT,SUN",1,2024-05-14T07:52:41.569Z,2024-05-14T07:52:41.569Z
333,10333,Patna Ahmedabad Mail,SHATABDI,Patna Junction,Ahmedabad,21:10:00,13:15:00,965,"SUN,TUE,THU",1,2024-01-26T07:52:41.569Z,2024-01-26T07:52:41.569Z
334,10334,Mumbai Trivandrum Duronto,EXPRESS,Mumbai CST,Trivandrum Central,15:10:00,18:50:00,1660,"TUE,THU,SAT",1,2024-11-06T07:52:41.569Z,2024-11-06T07:52:41.569Z
335,10335,Bangalore Gwalior Rajdhani,RAJDHANI,Bangalore City,Gwalior,04:40:00,12:25:00,465,"MON,TUE,WED,THU,FRI",0,2024-09-26T07:52:41.569Z,2024-09-26T07:52:41.569Z
336,10336,Delhi Agra Superfast,VANDE_BHARAT,New Delhi,Agra Cantt,11:40:00,19:25:00,1905,"MON,TUE,WED,THU,FRI",1,2024-02-19T07:52:41.570Z,2024-02-19T07:52:41.570Z
337,10337,Visakhapatnam Mumbai Intercity,RAJDHANI,Visakhapatnam,Mumbai CST,06:30:00,07:10:00,1480,"MON,WED,FRI",1,2025-05-17T07:52:41.570Z,2025-05-17T07:52:41.570Z
338,10338,Trivandrum Nagpur Superfast,SUPERFAST,Trivandrum Central,Nagpur,00:20:00,19:35:00,1155,"TUE,THU,SAT",1,2025-04-13T07:52:41.570Z,2025-04-13T07:52:41.570Z
339,10339,Hyderabad Bhopal Mail,EXPRESS,Hyderabad Deccan,Bhopal Junction,10:30:00,02:25:00,955,"TUE,THU,SAT",1,2025-01-23T07:52:41.570Z,2025-01-23T07:52:41.570Z
340,10340,Gwalior Chennai Duronto,MAIL,Gwalior,Chennai Central,02:55:00,14:45:00,710,"MON,TUE,WED,THU,FRI,SAT,SUN",1,2024-09-22T07:52:41.570Z,2024-09-22T07:52:41.570Z
341,10341,Vadodara Trivandrum Intercity,SUPERFAST,Vadodara,Trivandrum Central,00:45:00,12:40:00,715,"MON,TUE,WED,THU,FRI,SAT,SUN",1,2024-06-17T07:52:41.570Z,2024-06-17T07:52:41.570Z
342,10342,Jaipur Kochi Duronto,EXPRESS,Jaipur,Ernakulam,18:40:00,02:10:00,450,"SUN,TUE,THU",1,2025-10-16T07:52:41.570Z,2025-10-16T07:52:41.570Z
343,10343,Amritsar Bhopal Duronto,EXPRESS,Amritsar,Bhopal Junction,02:05:00,00:40:00,1355,"SUN,TUE,THU",1,2025-08-01T07:52:41.570Z,2025-08-01T07:52:41.570Z
344,10344,Bhopal Ahmedabad Superfast,DURONTO,Bhopal Junction,Ahmedabad,12:20:00,13:00:00,1480,"MON,TUE,WED,THU,FRI",1,2025-05-09T07:52:41.570Z,2025-05-09T07:52:41.570Z
345,10345,Hyderabad Vadodara SF Express,RAJDHANI,Hyderabad Deccan,Vadodara,09:35:00,16:55:00,1880,"MON,WED,FRI",1,2025-12-20T07:52:41.570Z,2025-12-20T07:52:41.570Z
346,10346,Bhopal Gwalior Express,RAJDHANI,Bhopal Junction,Gwalior,07:55:00,14:30:00,1835,"MON,TUE,WED,THU,FRI,SAT,SUN",1,2025-07-28T07:52:41.570Z,2025-07-28T07:52:41.570Z
347,10347,Ahmedabad Kochi Intercity,MAIL,Ahmedabad,Ernakulam,09:05:00,22:25:00,800,"MON,TUE,WED,THU,FRI,SAT,SUN",1,2025-12-17T07:52:41.570Z,2025-12-17T07:52:41.570Z
348,10348,Jodhpur Vadodara Shatabdi,MAIL,Jodhpur,Vadodara,00:40:00,00:40:00,1440,"MON,WED,FRI",1,2025-02-27T07:52:41.570Z,2025-02-27T07:52:41.570Z
349,10349,Visakhapatnam Indore Mail,DURONTO,Visakhapatnam,Indore,20:05:00,06:15:00,610,"SUN,TUE,THU",1,2025-06-26T07:52:41.570Z,2025-06-26T07:52:41.570Z
350,10350,Vadodara Kolkata Intercity,MAIL,Vadodara,Howrah,07:50:00,02:55:00,1145,"MON,TUE,WED,THU,FRI,SAT,SUN",1,2024-04-19T07:52:41.570Z,2024-04-19T07:52:41.570Z
351,10351,Vadodara Kochi Express,EXPRESS,Vadodara,Ernakulam,18:10:00,07:25:00,795,"MON,WED,FRI",1,2024-05-24T07:52:41.570Z,2024-05-24T07:52:41.570Z
352,10352,Hyderabad Lucknow Shatabdi,RAJDHANI,Hyderabad Deccan,Lucknow,08:10:00,14:10:00,360,"MON,TUE,WED,THU,FRI,SAT,SUN",1,2025-03-02T07:52:41.570Z,2025-03-02T07:52:41.570Z
353,10353,Bhopal Visakhapatnam Duronto,DURONTO,Bhopal Junction,Visakhapatnam,02:30:00,14:05:00,695,"TUE,THU,SAT",1,2024-05-10T07:52:41.570Z,2024-05-10T07:52:41.570Z
354,10354,Jaipur Ahmedabad Shatabdi,MAIL,Jaipur,Ahmedabad,16:40:00,17:10:00,1470,"TUE,THU,SAT",1,2025-08-03T07:52:41.570Z,2025-08-03T07:52:41.570Z
355,10355,Katra Visakhapatnam Duronto,SUPERFAST,Shri Mata Vaishno Devi,Visakhapatnam,12:45:00,05:10:00,985,"MON,TUE,WED,THU,FRI,SAT,SUN",1,2024-09-23T07:52:41.570Z,2024-09-23T07:52:41.570Z
356,10356,Agra Ahmedabad Intercity,SUPERFAST,Agra Cantt,Ahmedabad,08:45:00,21:05:00,740,"SUN,TUE,THU",1,2024-09-16T07:52:41.570Z,2024-09-16T07:52:41.570Z
357,10357,Chennai Vadodara Vande Bharat,DURONTO,Chennai Central,Vadodara,09:10:00,13:40:00,270,"SUN,TUE,THU",1,2024-05-30T07:52:41.570Z,2024-05-30T07:52:41.570Z
358,10358,Kochi Vadodara Superfast,EXPRESS,Ernakulam,Vadodara,14:45:00,00:25:00,2020,"MON,TUE,WED,THU,FRI,SAT,SUN",1,2025-12-28T07:52:41.570Z,2025-12-28T07:52:41.570Z
359,10359,Bangalore Mumbai Vande Bharat,MAIL,Bangalore City,Mumbai CST,14:40:00,04:00:00,800,"MON,TUE,WED,THU,FRI",1,2025-02-07T07:52:41.570Z,2025-02-07T07:52:41.570Z
360,10360,Jodhpur Pune Mail,SHATABDI,Jodhpur,Pune Junction,08:20:00,01:00:00,1000,"SUN,TUE,THU",1,2025-09-16T07:52:41.570Z,2025-09-16T07:52:41.570Z
361,10361,Mumbai Gwalior SF Express,VANDE_BHARAT,Mumbai Central,Gwalior,14:10:00,06:10:00,960,"MON,TUE,WED,THU,FRI",1,2025-09-06T07:52:41.570Z,2025-09-06T07:52:41.570Z
362,10362,Bangalore Nagpur Intercity,SHATABDI,Bangalore City,Nagpur,04:55:00,10:25:00,330,"TUE,THU,SAT",1,2025-03-11T07:52:41.570Z,2025-03-11T07:52:41.570Z
363,10363,Vadodara Katra Vande Bharat,SHATABDI,Vadodara,Shri Mata Vaishno Devi,17:40:00,09:20:00,940,"TUE,THU,SAT",1,2024-10-16T07:52:41.570Z,2024-10-16T07:52:41.570Z
364,10364,Mumbai Bangalore Express,RAJDHANI,Mumbai CST,Bangalore City,22:30:00,07:15:00,1965,"MON,TUE,WED,THU,FRI,SAT,SUN",1,2024-03-20T07:52:41.570Z,2024-03-20T07:52:41.570Z
365,10365,Pune Trivandrum Superfast,EXPRESS,Pune Junction,Trivandrum Central,17:20:00,21:50:00,1710,"MON,TUE,WED,THU,FRI,SAT,SUN",1,2024-02-27T07:52:41.570Z,2024-02-27T07:52:41.570Z
366,10366,Patna Ahmedabad Superfast,SHATABDI,Patna Junction,Ahmedabad,18:15:00,04:55:00,640,"SUN,TUE,THU",1,2025-02-03T07:52:41.570Z,2025-02-03T07:52:41.570Z
367,10367,Bhopal Agra Superfast,MAIL,Bhopal Junction,Agra Cantt,15:50:00,15:55:00,1445,"SUN,TUE,THU",1,2024-07-06T07:52:41.570Z,2024-07-06T07:52:41.570Z
368,10368,Indore Trivandrum Rajdhani,EXPRESS,Indore,Trivandrum Central,08:30:00,04:05:00,1175,"SUN,TUE,THU",1,2025-11-08T07:52:41.570Z,2025-11-08T07:52:41.570Z
369,10369,Delhi Vadodara Shatabdi,SHATABDI,New Delhi,Vadodara,04:00:00,08:55:00,295,"MON,WED,FRI",1,2025-05-31T07:52:41.570Z,2025-05-31T07:52:41.570Z
370,10370,Trivandrum Ahmedabad Rajdhani,MAIL,Trivandrum Central,Ahmedabad,08:55:00,06:45:00,1310,"SUN,TUE,THU",1,2025-01-27T07:52:41.570Z,2025-01-27T07:52:41.570Z
371,10371,Gwalior Delhi Mail,EXPRESS,Gwalior,New Delhi,06:30:00,01:55:00,1165,"MON,WED,FRI",1,2025-08-30T07:52:41.570Z,2025-08-30T07:52:41.570Z
372,10372,Gwalior Indore Duronto,SHATABDI,Gwalior,Indore,20:45:00,14:25:00,1060,"MON,WED,FRI",1,2025-02-04T07:52:41.570Z,2025-02-04T07:52:41.570Z
373,10373,Jaipur Kochi Mail,DURONTO,Jaipur,Ernakulam,12:10:00,14:05:00,1555,"MON,WED,FRI",0,2024-01-09T07:52:41.570Z,2024-01-09T07:52:41.570Z
374,10374,Visakhapatnam Amritsar SF Express,SHATABDI,Visakhapatnam,Amritsar,07:05:00,20:20:00,795,"SUN,TUE,THU",0,2024-08-23T07:52:41.570Z,2024-08-23T07:52:41.570Z
375,10375,Trivandrum Katra Rajdhani,RAJDHANI,Trivandrum Central,Shri Mata Vaishno Devi,11:30:00,02:10:00,880,"MON,WED,FRI",1,2024-11-20T07:52:41.570Z,2024-11-20T07:52:41.570Z
376,10376,Trivandrum Hyderabad Express,RAJDHANI,Trivandrum Central,Hyderabad Deccan,17:30:00,16:25:00,1375,"MON,WED,FRI",1,2025-09-20T07:52:41.570Z,2025-09-20T07:52:41.570Z
377,10377,Pune Agra Vande Bharat,VANDE_BHARAT,Pune Junction,Agra Cantt,18:05:00,04:55:00,650,"MON,TUE,WED,THU,FRI,SAT,SUN",1,2025-06-13T07:52:41.570Z,2025-06-13T07:52:41.570Z
378,10378,Bhopal Patna Vande Bharat,MAIL,Bhopal Junction,Patna Junction,23:00:00,16:40:00,1060,"MON,TUE,WED,THU,FRI,SAT,SUN",1,2025-10-30T07:52:41.570Z,2025-10-30T07:52:41.570Z
379,10379,Vadodara Lucknow Express,EXPRESS,Vadodara,Lucknow,05:45:00,20:10:00,865,"MON,TUE,WED,THU,FRI",1,2024-10-09T07:52:41.570Z,2024-10-09T07:52:41.570Z
380,10380,Lucknow Mumbai Mail,RAJDHANI,Lucknow,Mumbai CST,11:35:00,03:15:00,940,"MON,TUE,WED,THU,FRI",1,2024-10-27T07:52:41.570Z,2024-10-27T07:52:41.570Z
381,10381,Mumbai Indore Intercity,SUPERFAST,Mumbai Central,Indore,16:25:00,09:25:00,1020,"SUN,TUE,THU",1,2025-10-01T07:52:41.570Z,2025-10-01T07:52:41.570Z
382,10382,Ahmedabad Mumbai Express,SUPERFAST,Ahmedabad,Mumbai CST,19:55:00,04:55:00,1980,"MON,TUE,WED,THU,FRI",1,2024-02-02T07:52:41.570Z,2024-02-02T07:52:41.570Z
383,10383,Vadodara Jodhpur Superfast,SHATABDI,Vadodara,Jodhpur,05:05:00,03:40:00,1355,"MON,TUE,WED,THU,FRI",1,2025-01-03T07:52:41.570Z,2025-01-03T07:52:41.570Z
384,10384,Indore Hyderabad Intercity,VANDE_BHARAT,Indore,Hyderabad Deccan,01:30:00,02:15:00,1485,"MON,TUE,WED,THU,FRI",1,2025-05-04T07:52:41.570Z,2025-05-04T07:52:41.570Z
385,10385,Kochi Vadodara Shatabdi,SHATABDI,Ernakulam,Vadodara,06:55:00,06:25:00,1410,"SUN,TUE,THU",1,2025-02-07T07:52:41.570Z,2025-02-07T07:52:41.570Z
386,10386,Jodhpur Indore Mail,SHATABDI,Jodhpur,Indore,21:00:00,10:05:00,785,"TUE,THU,SAT",1,2025-05-12T07:52:41.570Z,2025-05-12T07:52:41.570Z
387,10387,Kochi Amritsar Superfast,SHATABDI,Ernakulam,Amritsar,19:35:00,17:05:00,1290,"MON,TUE,WED,THU,FRI",1,2025-03-17T07:52:41.570Z,2025-03-17T07:52:41.570Z
388,10388,Mumbai Ahmedabad Vande Bharat,SUPERFAST,Mumbai Central,Ahmedabad,00:55:00,07:50:00,415,"MON,TUE,WED,THU,FRI,SAT,SUN",1,2024-08-20T07:52:41.570Z,2024-08-20T07:52:41.570Z
389,10389,Patna Delhi Superfast,EXPRESS,Patna Junction,New Delhi,22:10:00,04:40:00,1830,"MON,TUE,WED,THU,FRI",1,2025-03-01T07:52:41.570Z,2025-03-01T07:52:41.570Z
390,10390,Hyderabad Katra Intercity,MAIL,Hyderabad Deccan,Shri Mata Vaishno Devi,04:05:00,14:15:00,610,"SUN,TUE,THU",1,2025-04-05T07:52:41.570Z,2025-04-05T07:52:41.570Z
391,10391,Delhi Amritsar Rajdhani,EXPRESS,New Delhi,Amritsar,22:00:00,10:55:00,775,"SUN,TUE,THU",1,2024-01-26T07:52:41.571Z,2024-01-26T07:52:41.571Z
392,10392,Indore Mumbai Mail,MAIL,Indore,Mumbai CST,19:25:00,02:35:00,1870,"TUE,THU,SAT",1,2024-10-15T07:52:41.571Z,2024-10-15T07:52:41.571Z
393,10393,Indore Ahmedabad Express,MAIL,Indore,Ahmedabad,12:40:00,04:15:00,935,"MON,TUE,WED,THU,FRI,SAT,SUN",1,2025-06-13T07:52:41.571Z,2025-06-13T07:52:41.571Z
394,10394,Nagpur Patna SF Express,SHATABDI,Nagpur,Patna Junction,20:30:00,08:20:00,710,"MON,WED,FRI",1,2024-08-08T07:52:41.571Z,2024-08-08T07:52:41.571Z
395,10395,Mumbai Pune Superfast,SHATABDI,Mumbai Central,Pune Junction,02:35:00,06:25:00,1670,"TUE,THU,SAT",1,2025-01-25T07:52:41.571Z,2025-01-25T07:52:41.571Z
396,10396,Visakhapatnam Nagpur Intercity,EXPRESS,Visakhapatnam,Nagpur,04:35:00,07:40:00,1625,"MON,TUE,WED,THU,FRI,SAT,SUN",1,2024-10-29T07:52:41.571Z,2024-10-29T07:52:41.571Z
397,10397,Gwalior Pune Shatabdi,MAIL,Gwalior,Pune Junction,04:50:00,07:30:00,1600,"MON,TUE,WED,THU,FRI",1,2024-05-15T07:52:41.571Z,2024-05-15T07:52:41.571Z
398,10398,Ahmedabad Jaipur Intercity,RAJDHANI,Ahmedabad,Jaipur,05:10:00,14:15:00,545,"SUN,TUE,THU",1,2024-10-26T07:52:41.571Z,2024-10-26T07:52:41.571Z
399,10399,Indore Patna Vande Bharat,SHATABDI,Indore,Patna Junction,05:15:00,05:45:00,1470,"TUE,THU,SAT",1,2024-01-16T07:52:41.571Z,2024-01-16T07:52:41.571Z
400,10400,Gwalior Trivandrum Mail,EXPRESS,Gwalior,Trivandrum Central,18:40:00,08:20:00,820,"MON,WED,FRI",1,2025-12-03T07:52:41.571Z,2025-12-03T07:52:41.571Z
401,10401,Jaipur Kolkata Express,SUPERFAST,Jaipur,Howrah,01:55:00,18:40:00,1005,"MON,TUE,WED,THU,FRI,SAT,SUN",1,2024-04-07T07:52:41.571Z,2024-04-07T07:52:41.571Z
402,10402,Kolkata Amritsar Rajdhani,VANDE_BHARAT,Howrah,Amritsar,18:35:00,19:15:00,1480,"SUN,TUE,THU",1,2025-10-04T07:52:41.571Z,2025-10-04T07:52:41.571Z
403,10403,Vadodara Pune Superfast,SUPERFAST,Vadodara,Pune Junction,01:35:00,10:35:00,540,"MON,WED,FRI",1,2024-10-09T07:52:41.571Z,2024-10-09T07:52:41.571Z
404,10404,Pune Hyderabad Shatabdi,SUPERFAST,Pune Junction,Hyderabad Deccan,10:50:00,15:50:00,1740,"SUN,TUE,THU",1,2024-06-10T07:52:41.571Z,2024-06-10T07:52:41.571Z
405,10405,Chennai Kochi Superfast,EXPRESS,Chennai Central,Ernakulam,13:00:00,13:20:00,1460,"MON,TUE,WED,THU,FRI",1,2024-02-11T07:52:41.571Z,2024-02-11T07:52:41.571Z
406,10406,Jaipur Hyderabad SF Express,SHATABDI,Jaipur,Hyderabad Deccan,08:30:00,20:05:00,695,"SUN,TUE,THU",1,2025-12-08T07:52:41.571Z,2025-12-08T07:52:41.571Z
407,10407,Bangalore Agra Intercity,RAJDHANI,Bangalore City,Agra Cantt,04:25:00,19:00:00,875,"MON,WED,FRI",1,2024-07-14T07:52:41.571Z,2024-07-14T07:52:41.571Z
408,10408,Bhopal Udaipur Mail,DURONTO,Bhopal Junction,Udaipur City,17:10:00,23:20:00,370,"MON,WED,FRI",1,2025-02-25T07:52:41.571Z,2025-02-25T07:52:41.571Z
409,10409,Bangalore Ahmedabad Vande Bharat,SUPERFAST,Bangalore City,Ahmedabad,12:40:00,14:20:00,1540,"MON,TUE,WED,THU,FRI",1,2025-10-01T07:52:41.571Z,2025-10-01T07:52:41.571Z
410,10410,Ahmedabad Patna Rajdhani,RAJDHANI,Ahmedabad,Patna Junction,11:10:00,19:20:00,490,"SUN,TUE,THU",1,2024-10-28T07:52:41.571Z,2024-10-28T07:52:41.571Z
411,10411,Delhi Patna Express,EXPRESS,New Delhi,Patna Junction,18:15:00,13:25:00,1150,"MON,TUE,WED,THU,FRI",1,2025-05-21T07:52:41.571Z,2025-05-21T07:52:41.571Z
412,10412,Ahmedabad Lucknow Intercity,SUPERFAST,Ahmedabad,Lucknow,02:00:00,22:20:00,1220,"MON,WED,FRI",1,2024-01-07T07:52:41.571Z,2024-01-07T07:52:41.571Z
413,10413,Vadodara Trivandrum Shatabdi,VANDE_BHARAT,Vadodara,Trivandrum Central,18:10:00,13:15:00,1145,"MON,TUE,WED,THU,FRI,SAT,SUN",1,2024-06-16T07:52:41.571Z,2024-06-16T07:52:41.571Z
414,10414,Kolkata Mumbai Rajdhani,SUPERFAST,Howrah,Mumbai Central,00:35:00,04:00:00,1645,"MON,TUE,WED,THU,FRI",1,2024-08-01T07:52:41.571Z,2024-08-01T07:52:41.571Z
415,10415,Chennai Trivandrum Shatabdi,MAIL,Chennai Central,Trivandrum Central,08:10:00,19:10:00,660,"MON,TUE,WED,THU,FRI",1,2024-06-18T07:52:41.571Z,2024-06-18T07:52:41.571Z
416,10416,Amritsar Kochi Superfast,DURONTO,Amritsar,Ernakulam,01:25:00,21:55:00,1230,"MON,WED,FRI",1,2024-12-16T07:52:41.571Z,2024-12-16T07:52:41.571Z
417,10417,Amritsar Kochi Express,MAIL,Amritsar,Ernakulam,16:25:00,13:10:00,1245,"MON,TUE,WED,THU,FRI",1,2025-05-16T07:52:41.571Z,2025-05-16T07:52:41.571Z
418,10418,Amritsar Bangalore Rajdhani,DURONTO,Amritsar,Bangalore City,19:25:00,20:45:00,1520,"SUN,TUE,THU",0,2024-05-15T07:52:41.571Z,2024-05-15T07:52:41.571Z
419,10419,Delhi Trivandrum Rajdhani,MAIL,New Delhi,Trivandrum Central,03:35:00,10:55:00,440,"MON,WED,FRI",0,2025-01-30T07:52:41.571Z,2025-01-30T07:52:41.571Z
420,10420,Kochi Amritsar SF Express,VANDE_BHARAT,Ernakulam,Amritsar,12:40:00,01:10:00,750,"MON,TUE,WED,THU,FRI,SAT,SUN",1,2025-09-06T07:52:41.571Z,2025-09-06T07:52:41.571Z
421,10421,Mumbai Bhopal Shatabdi,VANDE_BHARAT,Mumbai Central,Bhopal Junction,01:05:00,06:10:00,1745,"MON,TUE,WED,THU,FRI,SAT,SUN",1,2024-09-15T07:52:41.571Z,2024-09-15T07:52:41.571Z
422,10422,Patna Bhopal Mail,SHATABDI,Patna Junction,Bhopal Junction,02:30:00,03:40:00,1510,"SUN,TUE,THU",1,2025-08-26T07:52:41.571Z,2025-08-26T07:52:41.571Z
423,10423,Visakhapatnam Kolkata Shatabdi,RAJDHANI,Visakhapatnam,Howrah,23:15:00,00:05:00,1490,"MON,WED,FRI",1,2024-08-24T07:52:41.571Z,2024-08-24T07:52:41.571Z
424,10424,Kolkata Bhopal Superfast,SHATABDI,Howrah,Bhopal Junction,22:00:00,09:25:00,685,"SUN,TUE,THU",1,2024-02-28T07:52:41.571Z,2024-02-28T07:52:41.571Z
425,10425,Gwalior Indore Express,DURONTO,Gwalior,Indore,06:45:00,08:15:00,1530,"TUE,THU,SAT",1,2025-05-18T07:52:41.571Z,2025-05-18T07:52:41.571Z
426,10426,Mumbai Bhopal Mail,VANDE_BHARAT,Mumbai Central,Bhopal Junction,09:20:00,03:00:00,1060,"MON,TUE,WED,THU,FRI,SAT,SUN",1,2025-12-05T07:52:41.571Z,2025-12-05T07:52:41.571Z
427,10427,Amritsar Jaipur SF Express,MAIL,Amritsar,Jaipur,12:00:00,23:15:00,675,"SUN,TUE,THU",1,2024-01-17T07:52:41.571Z,2024-01-17T07:52:41.571Z
428,10428,Patna Vadodara Express,SHATABDI,Patna Junction,Vadodara,14:20:00,03:10:00,770,"MON,TUE,WED,THU,FRI",1,2025-07-06T07:52:41.571Z,2025-07-06T07:52:41.571Z
429,10429,Nagpur Delhi Rajdhani,SHATABDI,Nagpur,New Delhi,03:40:00,11:10:00,1890,"SUN,TUE,THU",1,2025-02-25T07:52:41.571Z,2025-02-25T07:52:41.571Z
430,10430,Bangalore Vadodara SF Express,SUPERFAST,Bangalore City,Vadodara,02:40:00,14:25:00,705,"TUE,THU,SAT",1,2024-04-10T07:52:41.571Z,2024-04-10T07:52:41.571Z
431,10431,Trivandrum Gwalior Vande Bharat,SUPERFAST,Trivandrum Central,Gwalior,16:20:00,04:00:00,700,"TUE,THU,SAT",1,2025-04-30T07:52:41.571Z,2025-04-30T07:52:41.571Z
432,10432,Mumbai Vadodara Rajdhani,RAJDHANI,Mumbai Central,Vadodara,23:35:00,05:40:00,365,"TUE,THU,SAT",1,2024-11-27T07:52:41.571Z,2024-11-27T07:52:41.571Z
433,10433,Gwalior Indore Intercity,SHATABDI,Gwalior,Indore,14:15:00,22:40:00,505,"MON,TUE,WED,THU,FRI,SAT,SUN",1,2024-10-15T07:52:41.571Z,2024-10-15T07:52:41.571Z
434,10434,Nagpur Trivandrum Express,VANDE_BHARAT,Nagpur,Trivandrum Central,05:55:00,12:35:00,1840,"SUN,TUE,THU",1,2024-10-29T07:52:41.571Z,2024-10-29T07:52:41.571Z
435,10435,Katra Vadodara Rajdhani,SUPERFAST,Shri Mata Vaishno Devi,Vadodara,16:40:00,22:50:00,370,"MON,TUE,WED,THU,FRI",1,2025-02-20T07:52:41.571Z,2025-02-20T07:52:41.571Z
436,10436,Lucknow Mumbai Superfast,RAJDHANI,Lucknow,Mumbai Central,12:25:00,02:25:00,840,"SUN,TUE,THU",1,2025-01-12T07:52:41.571Z,2025-01-12T07:52:41.571Z
437,10437,Amritsar Jaipur Intercity,SUPERFAST,Amritsar,Jaipur,00:50:00,04:50:00,240,"MON,WED,FRI",1,2025-05-23T07:52:41.571Z,2025-05-23T07:52:41.571Z
438,10438,Jaipur Kochi SF Express,RAJDHANI,Jaipur,Ernakulam,17:05:00,00:50:00,465,"MON,TUE,WED,THU,FRI,SAT,SUN",1,2025-03-28T07:52:41.571Z,2025-03-28T07:52:41.571Z
439,10439,Ahmedabad Mumbai Duronto,DURONTO,Ahmedabad,Mumbai Central,21:40:00,22:10:00,1470,"TUE,THU,SAT",1,2024-03-03T07:52:41.571Z,2024-03-03T07:52:41.571Z
440,10440,Mumbai Chennai Express,DURONTO,Mumbai CST,Chennai Central,14:00:00,12:35:00,1355,"TUE,THU,SAT",1,2025-10-21T07:52:41.571Z,2025-10-21T07:52:41.571Z
441,10441,Amritsar Gwalior Shatabdi,EXPRESS,Amritsar,Gwalior,14:10:00,03:35:00,805,"MON,TUE,WED,THU,FRI",1,2024-09-16T07:52:41.571Z,2024-09-16T07:52:41.571Z
442,10442,Udaipur Jaipur Express,DURONTO,Udaipur City,Jaipur,09:15:00,08:15:00,1380,"TUE,THU,SAT",1,2025-01-02T07:52:41.572Z,2025-01-02T07:52:41.572Z
443,10443,Mumbai Agra Mail,SHATABDI,Mumbai Central,Agra Cantt,14:00:00,18:10:00,1690,"MON,TUE,WED,THU,FRI",1,2025-10-24T07:52:41.572Z,2025-10-24T07:52:41.572Z
444,10444,Lucknow Bhopal Intercity,SHATABDI,Lucknow,Bhopal Junction,15:30:00,23:35:00,485,"MON,TUE,WED,THU,FRI,SAT,SUN",1,2025-01-06T07:52:41.572Z,2025-01-06T07:52:41.572Z
445,10445,Patna Chennai Superfast,EXPRESS,Patna Junction,Chennai Central,20:45:00,03:10:00,1825,"SUN,TUE,THU",1,2025-04-24T07:52:41.572Z,2025-04-24T07:52:41.572Z
446,10446,Patna Gwalior Vande Bharat,SUPERFAST,Patna Junction,Gwalior,10:05:00,16:50:00,1845,"SUN,TUE,THU",1,2024-03-31T07:52:41.572Z,2024-03-31T07:52:41.572Z
447,10447,Udaipur Mumbai Shatabdi,DURONTO,Udaipur City,Mumbai CST,17:50:00,01:20:00,1890,"MON,TUE,WED,THU,FRI,SAT,SUN",1,2024-11-25T07:52:41.572Z,2024-11-25T07:52:41.572Z
448,10448,Bangalore Indore Duronto,DURONTO,Bangalore City,Indore,19:50:00,00:10:00,260,"TUE,THU,SAT",1,2024-04-08T07:52:41.572Z,2024-04-08T07:52:41.572Z
449,10449,Indore Udaipur Superfast,RAJDHANI,Indore,Udaipur City,02:05:00,03:05:00,1500,"SUN,TUE,THU",1,2024-10-16T07:52:41.572Z,2024-10-16T07:52:41.572Z
450,10450,Ahmedabad Patna Superfast,DURONTO,Ahmedabad,Patna Junction,23:30:00,23:25:00,1435,"MON,TUE,WED,THU,FRI",1,2024-10-20T07:52:41.572Z,2024-10-20T07:52:41.572Z
451,10451,Patna Agra Mail,VANDE_BHARAT,Patna Junction,Agra Cantt,13:25:00,05:50:00,985,"MON,TUE,WED,THU,FRI,SAT,SUN",0,2025-09-16T07:52:41.572Z,2025-09-16T07:52:41.572Z
452,10452,Kochi Katra Intercity,VANDE_BHARAT,Ernakulam,Shri Mata Vaishno Devi,02:05:00,01:25:00,1400,"SUN,TUE,THU",1,2025-05-24T07:52:41.572Z,2025-05-24T07:52:41.572Z
453,10453,Indore Trivandrum Superfast,DURONTO,Indore,Trivandrum Central,22:15:00,19:15:00,1260,"SUN,TUE,THU",1,2024-08-15T07:52:41.572Z,2024-08-15T07:52:41.572Z
454,10454,Patna Jaipur Mail,DURONTO,Patna Junction,Jaipur,10:35:00,11:30:00,1495,"SUN,TUE,THU",1,2024-01-30T07:52:41.572Z,2024-01-30T07:52:41.572Z
455,10455,Amritsar Bangalore Vande Bharat,MAIL,Amritsar,Bangalore City,10:50:00,18:05:00,435,"MON,WED,FRI",0,2025-05-22T07:52:41.572Z,2025-05-22T07:52:41.572Z
456,10456,Bangalore Jaipur Duronto,SHATABDI,Bangalore City,Jaipur,01:10:00,18:40:00,1050,"MON,WED,FRI",1,2025-12-30T07:52:41.572Z,2025-12-30T07:52:41.572Z
457,10457,Visakhapatnam Bangalore Mail,RAJDHANI,Visakhapatnam,Bangalore City,18:45:00,19:15:00,1470,"SUN,TUE,THU",1,2024-12-06T07:52:41.572Z,2024-12-06T07:52:41.572Z
458,10458,Agra Mumbai Express,RAJDHANI,Agra Cantt,Mumbai CST,16:15:00,06:45:00,870,"MON,WED,FRI",1,2024-05-08T07:52:41.572Z,2024-05-08T07:52:41.572Z
459,10459,Lucknow Mumbai Express,MAIL,Lucknow,Mumbai CST,11:40:00,10:10:00,1350,"TUE,THU,SAT",1,2024-04-01T07:52:41.572Z,2024-04-01T07:52:41.572Z
460,10460,Vadodara Delhi Mail,VANDE_BHARAT,Vadodara,New Delhi,13:50:00,19:20:00,1770,"SUN,TUE,THU",1,2025-02-24T07:52:41.572Z,2025-02-24T07:52:41.572Z
461,10461,Bhopal Mumbai Vande Bharat,VANDE_BHARAT,Bhopal Junction,Mumbai CST,12:10:00,14:35:00,1585,"MON,TUE,WED,THU,FRI",1,2024-10-05T07:52:41.572Z,2024-10-05T07:52:41.572Z
462,10462,Lucknow Delhi Shatabdi,SUPERFAST,Lucknow,New Delhi,12:35:00,03:05:00,870,"MON,TUE,WED,THU,FRI,SAT,SUN",1,2025-09-02T07:52:41.572Z,2025-09-02T07:52:41.572Z
463,10463,Visakhapatnam Mumbai Mail,RAJDHANI,Visakhapatnam,Mumbai CST,18:10:00,03:20:00,1990,"MON,TUE,WED,THU,FRI,SAT,SUN",1,2024-05-31T07:52:41.572Z,2024-05-31T07:52:41.572Z
464,10464,Gwalior Nagpur Mail,VANDE_BHARAT,Gwalior,Nagpur,12:40:00,00:15:00,695,"MON,WED,FRI",1,2024-10-21T07:52:41.572Z,2024-10-21T07:52:41.572Z
465,10465,Amritsar Katra Mail,EXPRESS,Amritsar,Shri Mata Vaishno Devi,20:05:00,05:10:00,1985,"MON,TUE,WED,THU,FRI,SAT,SUN",1,2024-08-01T07:52:41.572Z,2024-08-01T07:52:41.572Z
466,10466,Amritsar Katra Vande Bharat,MAIL,Amritsar,Shri Mata Vaishno Devi,10:30:00,18:05:00,455,"MON,WED,FRI",1,2024-12-15T07:52:41.572Z,2024-12-15T07:52:41.572Z
467,10467,Udaipur Vadodara Vande Bharat,EXPRESS,Udaipur City,Vadodara,14:00:00,03:45:00,825,"SUN,TUE,THU",1,2025-05-30T07:52:41.572Z,2025-05-30T07:52:41.572Z
468,10468,Mumbai Nagpur Duronto,SHATABDI,Mumbai CST,Nagpur,10:05:00,18:15:00,490,"TUE,THU,SAT",1,2024-06-10T07:52:41.572Z,2024-06-10T07:52:41.572Z
469,10469,Nagpur Agra Mail,EXPRESS,Nagpur,Agra Cantt,16:45:00,08:10:00,925,"MON,WED,FRI",1,2024-02-08T07:52:41.572Z,2024-02-08T07:52:41.572Z
470,10470,Amritsar Bhopal Duronto,VANDE_BHARAT,Amritsar,Bhopal Junction,23:40:00,18:25:00,1125,"MON,TUE,WED,THU,FRI,SAT,SUN",1,2025-07-27T07:52:41.572Z,2025-07-27T07:52:41.572Z
471,10471,Ahmedabad Mumbai Mail,MAIL,Ahmedabad,Mumbai Central,22:00:00,04:00:00,1800,"MON,TUE,WED,THU,FRI,SAT,SUN",1,2024-04-26T07:52:41.572Z,2024-04-26T07:52:41.572Z
472,10472,Jaipur Ahmedabad Express,DURONTO,Jaipur,Ahmedabad,01:00:00,02:35:00,1535,"TUE,THU,SAT",1,2025-12-05T07:52:41.572Z,2025-12-05T07:52:41.572Z
473,10473,Delhi Mumbai Vande Bharat,RAJDHANI,New Delhi,Mumbai Central,22:15:00,06:40:00,1945,"SUN,TUE,THU",0,2025-05-12T07:52:41.572Z,2025-05-12T07:52:41.572Z
474,10474,Kochi Katra SF Express,SHATABDI,Ernakulam,Shri Mata Vaishno Devi,21:05:00,03:50:00,405,"TUE,THU,SAT",1,2024-06-01T07:52:41.572Z,2024-06-01T07:52:41.572Z
475,10475,Ahmedabad Jaipur Vande Bharat,DURONTO,Ahmedabad,Jaipur,00:15:00,05:15:00,1740,"TUE,THU,SAT",1,2025-02-13T07:52:41.572Z,2025-02-13T07:52:41.572Z
476,10476,Trivandrum Mumbai Rajdhani,SHATABDI,Trivandrum Central,Mumbai Central,00:50:00,09:35:00,1965,"MON,WED,FRI",1,2025-09-11T07:52:41.572Z,2025-09-11T07:52:41.572Z
477,10477,Agra Hyderabad Vande Bharat,DURONTO,Agra Cantt,Hyderabad Deccan,07:30:00,13:25:00,355,"MON,TUE,WED,THU,FRI",1,2024-02-24T07:52:41.572Z,2024-02-24T07:52:41.572Z
478,10478,Agra Jaipur Express,MAIL,Agra Cantt,Jaipur,02:05:00,01:10:00,1385,"MON,WED,FRI",1,2025-02-08T07:52:41.572Z,2025-02-08T07:52:41.572Z
479,10479,Nagpur Pune Rajdhani,VANDE_BHARAT,Nagpur,Pune Junction,04:55:00,08:05:00,1630,"MON,TUE,WED,THU,FRI,SAT,SUN",1,2024-04-12T07:52:41.572Z,2024-04-12T07:52:41.572Z
480,10480,Mumbai Delhi Intercity,EXPRESS,Mumbai Central,New Delhi,12:50:00,07:55:00,1145,"SUN,TUE,THU",0,2025-12-13T07:52:41.572Z,2025-12-13T07:52:41.572Z
481,10481,Hyderabad Delhi Superfast,MAIL,Hyderabad Deccan,New Delhi,21:15:00,04:40:00,1885,"TUE,THU,SAT",1,2025-08-02T07:52:41.572Z,2025-08-02T07:52:41.572Z
482,10482,Amritsar Jaipur Superfast,VANDE_BHARAT,Amritsar,Jaipur,04:20:00,14:10:00,2030,"MON,WED,FRI",1,2024-06-10T07:52:41.572Z,2024-06-10T07:52:41.572Z
483,10483,Mumbai Amritsar Intercity,SHATABDI,Mumbai Central,Amritsar,12:15:00,00:40:00,745,"MON,TUE,WED,THU,FRI,SAT,SUN",1,2025-06-28T07:52:41.572Z,2025-06-28T07:52:41.572Z
484,10484,Indore Mumbai Superfast,SUPERFAST,Indore,Mumbai CST,01:10:00,08:15:00,1865,"SUN,TUE,THU",1,2024-10-28T07:52:41.572Z,2024-10-28T07:52:41.572Z
485,10485,Kolkata Lucknow SF Express,VANDE_BHARAT,Howrah,Lucknow,00:10:00,23:05:00,1375,"TUE,THU,SAT",1,2024-03-09T07:52:41.572Z,2024-03-09T07:52:41.572Z
486,10486,Trivandrum Gwalior Express,VANDE_BHARAT,Trivandrum Central,Gwalior,07:50:00,17:05:00,555,"MON,TUE,WED,THU,FRI",1,2025-03-27T07:52:41.572Z,2025-03-27T07:52:41.572Z
487,10487,Pune Chennai Shatabdi,EXPRESS,Pune Junction,Chennai Central,07:25:00,01:35:00,1090,"MON,WED,FRI",1,2024-01-05T07:52:41.572Z,2024-01-05T07:52:41.572Z
488,10488,Jaipur Udaipur Vande Bharat,VANDE_BHARAT,Jaipur,Udaipur City,19:15:00,13:10:00,1075,"MON,TUE,WED,THU,FRI",1,2025-05-01T07:52:41.572Z,2025-05-01T07:52:41.572Z
489,10489,Nagpur Bangalore Express,SUPERFAST,Nagpur,Bangalore City,09:45:00,17:20:00,1895,"SUN,TUE,THU",1,2024-07-14T07:52:41.572Z,2024-07-14T07:52:41.572Z
490,10490,Trivandrum Indore Vande Bharat,VANDE_BHARAT,Trivandrum Central,Indore,11:20:00,15:35:00,255,"SUN,TUE,THU",1,2024-11-10T07:52:41.572Z,2024-11-10T07:52:41.572Z
491,10491,Agra Mumbai Duronto,EXPRESS,Agra Cantt,Mumbai CST,01:45:00,08:05:00,1820,"TUE,THU,SAT",1,2024-11-26T07:52:41.572Z,2024-11-26T07:52:41.572Z
492,10492,Visakhapatnam Trivandrum Duronto,DURONTO,Visakhapatnam,Trivandrum Central,17:50:00,15:10:00,1280,"MON,TUE,WED,THU,FRI",1,2025-11-06T07:52:41.572Z,2025-11-06T07:52:41.572Z
493,10493,Agra Chennai Rajdhani,VANDE_BHARAT,Agra Cantt,Chennai Central,01:45:00,04:50:00,1625,"MON,TUE,WED,THU,FRI,SAT,SUN",1,2024-01-12T07:52:41.573Z,2024-01-12T07:52:41.573Z
494,10494,Bhopal Agra Vande Bharat,SUPERFAST,Bhopal Junction,Agra Cantt,21:50:00,10:30:00,760,"SUN,TUE,THU",1,2025-02-06T07:52:41.573Z,2025-02-06T07:52:41.573Z
495,10495,Kochi Gwalior Rajdhani,VANDE_BHARAT,Ernakulam,Gwalior,04:25:00,14:10:00,585,"SUN,TUE,THU",1,2024-01-29T07:52:41.573Z,2024-01-29T07:52:41.573Z
496,10496,Jaipur Pune Rajdhani,DURONTO,Jaipur,Pune Junction,11:20:00,14:15:00,1615,"MON,TUE,WED,THU,FRI",1,2025-08-18T07:52:41.573Z,2025-08-18T07:52:41.573Z
497,10497,Nagpur Delhi Duronto,SHATABDI,Nagpur,New Delhi,04:20:00,04:55:00,1475,"TUE,THU,SAT",1,2025-08-18T07:52:41.573Z,2025-08-18T07:52:41.573Z
498,10498,Vadodara Udaipur Superfast,DURONTO,Vadodara,Udaipur City,05:05:00,13:35:00,1950,"MON,TUE,WED,THU,FRI",1,2025-05-06T07:52:41.573Z,2025-05-06T07:52:41.573Z
499,10499,Bhopal Vadodara Mail,SUPERFAST,Bhopal Junction,Vadodara,00:55:00,19:05:00,1090,"TUE,THU,SAT",1,2025-08-05T07:52:41.573Z,2025-08-05T07:52:41.573Z
500,10500,Delhi Indore Duronto,SHATABDI,New Delhi,Indore,03:15:00,17:55:00,880,"MON,TUE,WED,THU,FRI",1,2025-08-14T07:52:41.573Z,2025-08-14T07:52:41.573Z
